id_a,id_b,shared_tunes,cosine,url_a,url_b
34008,35138,18,0.9984983041233755,https://ebba.english.ucsb.edu/ballad/34008/citation,https://ebba.english.ucsb.edu/ballad/35138/citation
32998,35128,42,0.9982857285619342,https://ebba.english.ucsb.edu/ballad/32998/citation,https://ebba.english.ucsb.edu/ballad/35128/citation
31268,32020,18,0.9963349563316324,https://ebba.english.ucsb.edu/ballad/31268/citation,https://ebba.english.ucsb.edu/ballad/32020/citation
32868,34959,42,0.9956989673121474,https://ebba.english.ucsb.edu/ballad/32868/citation,https://ebba.english.ucsb.edu/ballad/34959/citation
34595,36219,32,0.9954438714218805,https://ebba.english.ucsb.edu/ballad/34595/citation,https://ebba.english.ucsb.edu/ballad/36219/citation
34606,35655,35,0.9915464317517412,https://ebba.english.ucsb.edu/ballad/34606/citation,https://ebba.english.ucsb.edu/ballad/35655/citation
30232,31631,32,0.9876309756129744,https://ebba.english.ucsb.edu/ballad/30232/citation,https://ebba.english.ucsb.edu/ballad/31631/citation
32879,36165,35,0.986876046974007,https://ebba.english.ucsb.edu/ballad/32879/citation,https://ebba.english.ucsb.edu/ballad/36165/citation
35655,36165,35,0.9851929331197035,https://ebba.english.ucsb.edu/ballad/35655/citation,https://ebba.english.ucsb.edu/ballad/36165/citation
35128,35658,42,0.985087383085921,https://ebba.english.ucsb.edu/ballad/35128/citation,https://ebba.english.ucsb.edu/ballad/35658/citation
32998,35658,42,0.9842473516476057,https://ebba.english.ucsb.edu/ballad/32998/citation,https://ebba.english.ucsb.edu/ballad/35658/citation
32879,35655,35,0.9814506341721568,https://ebba.english.ucsb.edu/ballad/32879/citation,https://ebba.english.ucsb.edu/ballad/35655/citation
34606,36165,35,0.9810370116385049,https://ebba.english.ucsb.edu/ballad/34606/citation,https://ebba.english.ucsb.edu/ballad/36165/citation
31673,31689,67,0.9795174409636508,https://ebba.english.ucsb.edu/ballad/31673/citation,https://ebba.english.ucsb.edu/ballad/31689/citation
32879,34606,35,0.9792956624205243,https://ebba.english.ucsb.edu/ballad/32879/citation,https://ebba.english.ucsb.edu/ballad/34606/citation
32878,32879,35,0.978967042809035,https://ebba.english.ucsb.edu/ballad/32878/citation,https://ebba.english.ucsb.edu/ballad/32879/citation
32878,36165,35,0.9762878684715556,https://ebba.english.ucsb.edu/ballad/32878/citation,https://ebba.english.ucsb.edu/ballad/36165/citation
32878,35655,35,0.9709053640530445,https://ebba.english.ucsb.edu/ballad/32878/citation,https://ebba.english.ucsb.edu/ballad/35655/citation
34604,34605,35,0.9691620280779004,https://ebba.english.ucsb.edu/ballad/34604/citation,https://ebba.english.ucsb.edu/ballad/34605/citation
32878,34606,35,0.9686994543660956,https://ebba.english.ucsb.edu/ballad/32878/citation,https://ebba.english.ucsb.edu/ballad/34606/citation
30660,34959,42,0.9669567588901463,https://ebba.english.ucsb.edu/ballad/30660/citation,https://ebba.english.ucsb.edu/ballad/34959/citation
30660,32868,42,0.9626407056902981,https://ebba.english.ucsb.edu/ballad/30660/citation,https://ebba.english.ucsb.edu/ballad/32868/citation
20235,31786,67,0.9577549449326488,https://ebba.english.ucsb.edu/ballad/20235/citation,https://ebba.english.ucsb.edu/ballad/31786/citation
20251,31713,67,0.9560336842405659,https://ebba.english.ucsb.edu/ballad/20251/citation,https://ebba.english.ucsb.edu/ballad/31713/citation
21372,34008,18,0.9500952110960297,https://ebba.english.ucsb.edu/ballad/21372/citation,https://ebba.english.ucsb.edu/ballad/34008/citation
21372,35138,18,0.9484829265787079,https://ebba.english.ucsb.edu/ballad/21372/citation,https://ebba.english.ucsb.edu/ballad/35138/citation
30101,32019,18,0.9393251805920065,https://ebba.english.ucsb.edu/ballad/30101/citation,https://ebba.english.ucsb.edu/ballad/32019/citation
32019,32020,18,0.9354528817700576,https://ebba.english.ucsb.edu/ballad/32019/citation,https://ebba.english.ucsb.edu/ballad/32020/citation
31786,35507,67,0.9354004727835568,https://ebba.english.ucsb.edu/ballad/31786/citation,https://ebba.english.ucsb.edu/ballad/35507/citation
30101,31268,18,0.9339392377846917,https://ebba.english.ucsb.edu/ballad/30101/citation,https://ebba.english.ucsb.edu/ballad/31268/citation
30101,32020,18,0.9336547092607924,https://ebba.english.ucsb.edu/ballad/30101/citation,https://ebba.english.ucsb.edu/ballad/32020/citation
31268,32019,18,0.93300546142904,https://ebba.english.ucsb.edu/ballad/31268/citation,https://ebba.english.ucsb.edu/ballad/32019/citation
20235,35507,67,0.9274999048848807,https://ebba.english.ucsb.edu/ballad/20235/citation,https://ebba.english.ucsb.edu/ballad/35507/citation
20229,35475,18,0.9258038165053182,https://ebba.english.ucsb.edu/ballad/20229/citation,https://ebba.english.ucsb.edu/ballad/35475/citation
30610,34008,18,0.9197034247161432,https://ebba.english.ucsb.edu/ballad/30610/citation,https://ebba.english.ucsb.edu/ballad/34008/citation
30610,35138,18,0.9180279262072938,https://ebba.english.ucsb.edu/ballad/30610/citation,https://ebba.english.ucsb.edu/ballad/35138/citation
21372,30610,18,0.8953037686036786,https://ebba.english.ucsb.edu/ballad/21372/citation,https://ebba.english.ucsb.edu/ballad/30610/citation
20279,32440,67,0.8863440520110583,https://ebba.english.ucsb.edu/ballad/20279/citation,https://ebba.english.ucsb.edu/ballad/32440/citation
33906,35507,67,0.886280303454474,https://ebba.english.ucsb.edu/ballad/33906/citation,https://ebba.english.ucsb.edu/ballad/35507/citation
32020,35475,18,0.8834825802254682,https://ebba.english.ucsb.edu/ballad/32020/citation,https://ebba.english.ucsb.edu/ballad/35475/citation
20229,30101,18,0.8827364407080067,https://ebba.english.ucsb.edu/ballad/20229/citation,https://ebba.english.ucsb.edu/ballad/30101/citation
31268,35475,18,0.8817623647722188,https://ebba.english.ucsb.edu/ballad/31268/citation,https://ebba.english.ucsb.edu/ballad/35475/citation
20229,32019,18,0.8809895889254568,https://ebba.english.ucsb.edu/ballad/20229/citation,https://ebba.english.ucsb.edu/ballad/32019/citation
20655,31654,18,0.8680775962399253,https://ebba.english.ucsb.edu/ballad/20655/citation,https://ebba.english.ucsb.edu/ballad/31654/citation
33989,34595,32,0.8654263555552866,https://ebba.english.ucsb.edu/ballad/33989/citation,https://ebba.english.ucsb.edu/ballad/34595/citation
33989,36219,32,0.8599200834517149,https://ebba.english.ucsb.edu/ballad/33989/citation,https://ebba.english.ucsb.edu/ballad/36219/citation
30408,31673,67,0.85861423549663,https://ebba.english.ucsb.edu/ballad/30408/citation,https://ebba.english.ucsb.edu/ballad/31673/citation
30408,32069,67,0.8563751401413433,https://ebba.english.ucsb.edu/ballad/30408/citation,https://ebba.english.ucsb.edu/ballad/32069/citation
30408,31689,67,0.8540318763371189,https://ebba.english.ucsb.edu/ballad/30408/citation,https://ebba.english.ucsb.edu/ballad/31689/citation
20229,32020,18,0.84819010670709,https://ebba.english.ucsb.edu/ballad/20229/citation,https://ebba.english.ucsb.edu/ballad/32020/citation
20229,31268,18,0.8477464845944148,https://ebba.english.ucsb.edu/ballad/20229/citation,https://ebba.english.ucsb.edu/ballad/31268/citation
30101,35475,18,0.8438969406092591,https://ebba.english.ucsb.edu/ballad/30101/citation,https://ebba.english.ucsb.edu/ballad/35475/citation
32019,35475,18,0.8345767701536192,https://ebba.english.ucsb.edu/ballad/32019/citation,https://ebba.english.ucsb.edu/ballad/35475/citation
20235,33906,67,0.8291647191366235,https://ebba.english.ucsb.edu/ballad/20235/citation,https://ebba.english.ucsb.edu/ballad/33906/citation
31786,33906,67,0.8269797373773236,https://ebba.english.ucsb.edu/ballad/31786/citation,https://ebba.english.ucsb.edu/ballad/33906/citation
31689,32069,67,0.7921655533485968,https://ebba.english.ucsb.edu/ballad/31689/citation,https://ebba.english.ucsb.edu/ballad/32069/citation
31673,32069,67,0.7907190008520998,https://ebba.english.ucsb.edu/ballad/31673/citation,https://ebba.english.ucsb.edu/ballad/32069/citation
31673,32440,67,0.7676125278999092,https://ebba.english.ucsb.edu/ballad/31673/citation,https://ebba.english.ucsb.edu/ballad/32440/citation
31689,32440,67,0.7625961307104652,https://ebba.english.ucsb.edu/ballad/31689/citation,https://ebba.english.ucsb.edu/ballad/32440/citation
20279,31673,67,0.7436544077298572,https://ebba.english.ucsb.edu/ballad/20279/citation,https://ebba.english.ucsb.edu/ballad/31673/citation
20279,31689,67,0.7431349470190228,https://ebba.english.ucsb.edu/ballad/20279/citation,https://ebba.english.ucsb.edu/ballad/31689/citation
30408,32440,67,0.717463491251798,https://ebba.english.ucsb.edu/ballad/30408/citation,https://ebba.english.ucsb.edu/ballad/32440/citation
32069,32440,67,0.7028319580839625,https://ebba.english.ucsb.edu/ballad/32069/citation,https://ebba.english.ucsb.edu/ballad/32440/citation
20279,30408,67,0.6907027100616006,https://ebba.english.ucsb.edu/ballad/20279/citation,https://ebba.english.ucsb.edu/ballad/30408/citation
20279,32069,67,0.6592007487185746,https://ebba.english.ucsb.edu/ballad/20279/citation,https://ebba.english.ucsb.edu/ballad/32069/citation
20674,34959,42,0.341810804176286,https://ebba.english.ucsb.edu/ballad/20674/citation,https://ebba.english.ucsb.edu/ballad/34959/citation
20674,32868,42,0.3387678183295502,https://ebba.english.ucsb.edu/ballad/20674/citation,https://ebba.english.ucsb.edu/ballad/32868/citation
20674,30660,42,0.3345206331838307,https://ebba.english.ucsb.edu/ballad/20674/citation,https://ebba.english.ucsb.edu/ballad/30660/citation
20674,30729,42,0.3130046428065321,https://ebba.english.ucsb.edu/ballad/20674/citation,https://ebba.english.ucsb.edu/ballad/30729/citation
30049,30084,42,0.26489422692971054,https://ebba.english.ucsb.edu/ballad/30049/citation,https://ebba.english.ucsb.edu/ballad/30084/citation
30660,30729,42,0.2557575460972833,https://ebba.english.ucsb.edu/ballad/30660/citation,https://ebba.english.ucsb.edu/ballad/30729/citation
30729,34959,42,0.25320402217231364,https://ebba.english.ucsb.edu/ballad/30729/citation,https://ebba.english.ucsb.edu/ballad/34959/citation
20265,31268,18,0.25320282633266605,https://ebba.english.ucsb.edu/ballad/20265/citation,https://ebba.english.ucsb.edu/ballad/31268/citation
20265,32020,18,0.25288708087943057,https://ebba.english.ucsb.edu/ballad/20265/citation,https://ebba.english.ucsb.edu/ballad/32020/citation
30729,32868,42,0.2520728161811924,https://ebba.english.ucsb.edu/ballad/30729/citation,https://ebba.english.ucsb.edu/ballad/32868/citation
20265,32019,18,0.25039021690961155,https://ebba.english.ucsb.edu/ballad/20265/citation,https://ebba.english.ucsb.edu/ballad/32019/citation
20265,30101,18,0.2478612691487946,https://ebba.english.ucsb.edu/ballad/20265/citation,https://ebba.english.ucsb.edu/ballad/30101/citation
20660,20757,42,0.24678159889270102,https://ebba.english.ucsb.edu/ballad/20660/citation,https://ebba.english.ucsb.edu/ballad/20757/citation
20265,30084,,0.24361201264783866,https://ebba.english.ucsb.edu/ballad/20265/citation,https://ebba.english.ucsb.edu/ballad/30084/citation
20660,30729,42,0.23917770710098427,https://ebba.english.ucsb.edu/ballad/20660/citation,https://ebba.english.ucsb.edu/ballad/30729/citation
20265,35475,18,0.23651499922985347,https://ebba.english.ucsb.edu/ballad/20265/citation,https://ebba.english.ucsb.edu/ballad/35475/citation
20229,20265,18,0.2288197325875576,https://ebba.english.ucsb.edu/ballad/20229/citation,https://ebba.english.ucsb.edu/ballad/20265/citation
30613,30729,42,0.2256322260427896,https://ebba.english.ucsb.edu/ballad/30613/citation,https://ebba.english.ucsb.edu/ballad/30729/citation
30610,32019,18,0.2214318414743634,https://ebba.english.ucsb.edu/ballad/30610/citation,https://ebba.english.ucsb.edu/ballad/32019/citation
20278,20279,67,0.21989034120910864,https://ebba.english.ucsb.edu/ballad/20278/citation,https://ebba.english.ucsb.edu/ballad/20279/citation
30101,30610,18,0.2192257577095841,https://ebba.english.ucsb.edu/ballad/30101/citation,https://ebba.english.ucsb.edu/ballad/30610/citation
20660,20674,42,0.2179805919093774,https://ebba.english.ucsb.edu/ballad/20660/citation,https://ebba.english.ucsb.edu/ballad/20674/citation
30729,32457,,0.21748369520318822,https://ebba.english.ucsb.edu/ballad/30729/citation,https://ebba.english.ucsb.edu/ballad/32457/citation
20655,20660,,0.21680457381723744,https://ebba.english.ucsb.edu/ballad/20655/citation,https://ebba.english.ucsb.edu/ballad/20660/citation
30610,32020,18,0.21535493910110842,https://ebba.english.ucsb.edu/ballad/30610/citation,https://ebba.english.ucsb.edu/ballad/32020/citation
30610,31268,18,0.2151999577367896,https://ebba.english.ucsb.edu/ballad/30610/citation,https://ebba.english.ucsb.edu/ballad/31268/citation
20674,30389,,0.21230747180956777,https://ebba.english.ucsb.edu/ballad/20674/citation,https://ebba.english.ucsb.edu/ballad/30389/citation
20229,21372,18,0.21180405549953635,https://ebba.english.ucsb.edu/ballad/20229/citation,https://ebba.english.ucsb.edu/ballad/21372/citation
20265,30326,,0.21071834768463657,https://ebba.english.ucsb.edu/ballad/20265/citation,https://ebba.english.ucsb.edu/ballad/30326/citation
30613,32020,,0.20902080509283436,https://ebba.english.ucsb.edu/ballad/30613/citation,https://ebba.english.ucsb.edu/ballad/32020/citation
21372,35475,18,0.20874861421075888,https://ebba.english.ucsb.edu/ballad/21372/citation,https://ebba.english.ucsb.edu/ballad/35475/citation
30610,30729,,0.20818931944552754,https://ebba.english.ucsb.edu/ballad/30610/citation,https://ebba.english.ucsb.edu/ballad/30729/citation
30613,35475,,0.20774776667092062,https://ebba.english.ucsb.edu/ballad/30613/citation,https://ebba.english.ucsb.edu/ballad/35475/citation
30613,31268,,0.20660630314915632,https://ebba.english.ucsb.edu/ballad/30613/citation,https://ebba.english.ucsb.edu/ballad/31268/citation
20265,36309,,0.20651118090186935,https://ebba.english.ucsb.edu/ballad/20265/citation,https://ebba.english.ucsb.edu/ballad/36309/citation
35138,35475,18,0.20646501497308098,https://ebba.english.ucsb.edu/ballad/35138/citation,https://ebba.english.ucsb.edu/ballad/35475/citation
20278,32348,,0.2063071208443678,https://ebba.english.ucsb.edu/ballad/20278/citation,https://ebba.english.ucsb.edu/ballad/32348/citation
34008,35475,18,0.2061549673114292,https://ebba.english.ucsb.edu/ballad/34008/citation,https://ebba.english.ucsb.edu/ballad/35475/citation
20229,35138,18,0.2058180732954903,https://ebba.english.ucsb.edu/ballad/20229/citation,https://ebba.english.ucsb.edu/ballad/35138/citation
30101,32457,,0.2055712163459561,https://ebba.english.ucsb.edu/ballad/30101/citation,https://ebba.english.ucsb.edu/ballad/32457/citation
20229,30610,18,0.20555210262134288,https://ebba.english.ucsb.edu/ballad/20229/citation,https://ebba.english.ucsb.edu/ballad/30610/citation
20229,34008,18,0.20550899714348791,https://ebba.english.ucsb.edu/ballad/20229/citation,https://ebba.english.ucsb.edu/ballad/34008/citation
30101,30729,,0.20508592088423092,https://ebba.english.ucsb.edu/ballad/30101/citation,https://ebba.english.ucsb.edu/ballad/30729/citation
32998,34108,,0.2046698803835357,https://ebba.english.ucsb.edu/ballad/32998/citation,https://ebba.english.ucsb.edu/ballad/34108/citation
30408,31713,67,0.2041009837460159,https://ebba.english.ucsb.edu/ballad/30408/citation,https://ebba.english.ucsb.edu/ballad/31713/citation
30729,32019,,0.20400933924613954,https://ebba.english.ucsb.edu/ballad/30729/citation,https://ebba.english.ucsb.edu/ballad/32019/citation
31713,32069,67,0.20350920346562693,https://ebba.english.ucsb.edu/ballad/31713/citation,https://ebba.english.ucsb.edu/ballad/32069/citation
20229,30613,,0.20343338081989107,https://ebba.english.ucsb.edu/ballad/20229/citation,https://ebba.english.ucsb.edu/ballad/30613/citation
21372,30101,18,0.20282790817205776,https://ebba.english.ucsb.edu/ballad/21372/citation,https://ebba.english.ucsb.edu/ballad/30101/citation
30610,35475,18,0.2027852932117514,https://ebba.english.ucsb.edu/ballad/30610/citation,https://ebba.english.ucsb.edu/ballad/35475/citation
32019,35138,18,0.20268575902553226,https://ebba.english.ucsb.edu/ballad/32019/citation,https://ebba.english.ucsb.edu/ballad/35138/citation
30101,30613,,0.2025755248251568,https://ebba.english.ucsb.edu/ballad/30101/citation,https://ebba.english.ucsb.edu/ballad/30613/citation
32019,34008,18,0.20238138665695365,https://ebba.english.ucsb.edu/ballad/32019/citation,https://ebba.english.ucsb.edu/ballad/34008/citation
30729,35475,,0.20233176406254763,https://ebba.english.ucsb.edu/ballad/30729/citation,https://ebba.english.ucsb.edu/ballad/35475/citation
20660,34959,42,0.20189263257219844,https://ebba.english.ucsb.edu/ballad/20660/citation,https://ebba.english.ucsb.edu/ballad/34959/citation
30729,32020,,0.20170960792637027,https://ebba.english.ucsb.edu/ballad/30729/citation,https://ebba.english.ucsb.edu/ballad/32020/citation
32019,32457,,0.2016782756393558,https://ebba.english.ucsb.edu/ballad/32019/citation,https://ebba.english.ucsb.edu/ballad/32457/citation
34108,35128,,0.20162380186470866,https://ebba.english.ucsb.edu/ballad/34108/citation,https://ebba.english.ucsb.edu/ballad/35128/citation
30729,31268,,0.20156596906170532,https://ebba.english.ucsb.edu/ballad/30729/citation,https://ebba.english.ucsb.edu/ballad/31268/citation
34108,35658,,0.20155339560090546,https://ebba.english.ucsb.edu/ballad/34108/citation,https://ebba.english.ucsb.edu/ballad/35658/citation
32457,35475,,0.2012500296583231,https://ebba.english.ucsb.edu/ballad/32457/citation,https://ebba.english.ucsb.edu/ballad/35475/citation
31268,32457,,0.20124488223239656,https://ebba.english.ucsb.edu/ballad/31268/citation,https://ebba.english.ucsb.edu/ballad/32457/citation
30613,32019,,0.20113973471531435,https://ebba.english.ucsb.edu/ballad/30613/citation,https://ebba.english.ucsb.edu/ballad/32019/citation
32020,32457,,0.20078230334906857,https://ebba.english.ucsb.edu/ballad/32020/citation,https://ebba.english.ucsb.edu/ballad/32457/citation
20660,32868,42,0.2003520822409001,https://ebba.english.ucsb.edu/ballad/20660/citation,https://ebba.english.ucsb.edu/ballad/32868/citation
20660,30660,42,0.20034541836736214,https://ebba.english.ucsb.edu/ballad/20660/citation,https://ebba.english.ucsb.edu/ballad/30660/citation
20251,30408,67,0.20003841573969883,https://ebba.english.ucsb.edu/ballad/20251/citation,https://ebba.english.ucsb.edu/ballad/30408/citation
21372,32019,18,0.20000809667044148,https://ebba.english.ucsb.edu/ballad/21372/citation,https://ebba.english.ucsb.edu/ballad/32019/citation
30101,35138,18,0.19950880615802774,https://ebba.english.ucsb.edu/ballad/30101/citation,https://ebba.english.ucsb.edu/ballad/35138/citation
30101,34008,18,0.19920920460647032,https://ebba.english.ucsb.edu/ballad/30101/citation,https://ebba.english.ucsb.edu/ballad/34008/citation
20251,32069,67,0.19886805618891237,https://ebba.english.ucsb.edu/ballad/20251/citation,https://ebba.english.ucsb.edu/ballad/32069/citation
20279,32348,,0.1983864972276646,https://ebba.english.ucsb.edu/ballad/20279/citation,https://ebba.english.ucsb.edu/ballad/32348/citation
32020,35138,18,0.19773740775732745,https://ebba.english.ucsb.edu/ballad/32020/citation,https://ebba.english.ucsb.edu/ballad/35138/citation
31268,35138,18,0.19756715355812146,https://ebba.english.ucsb.edu/ballad/31268/citation,https://ebba.english.ucsb.edu/ballad/35138/citation
32020,34008,18,0.19744046630744455,https://ebba.english.ucsb.edu/ballad/32020/citation,https://ebba.english.ucsb.edu/ballad/34008/citation
31268,34008,18,0.1972704677782673,https://ebba.english.ucsb.edu/ballad/31268/citation,https://ebba.english.ucsb.edu/ballad/34008/citation
21372,32020,18,0.19715423389981798,https://ebba.english.ucsb.edu/ballad/21372/citation,https://ebba.english.ucsb.edu/ballad/32020/citation
21372,31268,18,0.1969789537637368,https://ebba.english.ucsb.edu/ballad/21372/citation,https://ebba.english.ucsb.edu/ballad/31268/citation
20229,32457,,0.194558028806986,https://ebba.english.ucsb.edu/ballad/20229/citation,https://ebba.english.ucsb.edu/ballad/32457/citation
31713,32457,,0.1938710378382649,https://ebba.english.ucsb.edu/ballad/31713/citation,https://ebba.english.ucsb.edu/ballad/32457/citation
20741,22198,,0.19385244781465583,https://ebba.english.ucsb.edu/ballad/20741/citation,https://ebba.english.ucsb.edu/ballad/22198/citation
20278,32440,67,0.1933142462013494,https://ebba.english.ucsb.edu/ballad/20278/citation,https://ebba.english.ucsb.edu/ballad/32440/citation
20229,30729,,0.19187623564427084,https://ebba.english.ucsb.edu/ballad/20229/citation,https://ebba.english.ucsb.edu/ballad/30729/citation
30389,30729,,0.19054006608476143,https://ebba.english.ucsb.edu/ballad/30389/citation,https://ebba.english.ucsb.edu/ballad/30729/citation
30084,31654,,0.19052232117374426,https://ebba.english.ucsb.edu/ballad/30084/citation,https://ebba.english.ucsb.edu/ballad/31654/citation
20251,32457,,0.1886068113440994,https://ebba.english.ucsb.edu/ballad/20251/citation,https://ebba.english.ucsb.edu/ballad/32457/citation
31713,32019,,0.18811788989925537,https://ebba.english.ucsb.edu/ballad/31713/citation,https://ebba.english.ucsb.edu/ballad/32019/citation
31673,31713,67,0.18657220795237928,https://ebba.english.ucsb.edu/ballad/31673/citation,https://ebba.english.ucsb.edu/ballad/31713/citation
21372,30729,,0.18611306212722997,https://ebba.english.ucsb.edu/ballad/21372/citation,https://ebba.english.ucsb.edu/ballad/30729/citation
20251,32019,,0.18520922250906874,https://ebba.english.ucsb.edu/ballad/20251/citation,https://ebba.english.ucsb.edu/ballad/32019/citation
20235,20251,67,0.1847853902166568,https://ebba.english.ucsb.edu/ballad/20235/citation,https://ebba.english.ucsb.edu/ballad/20251/citation
31689,31713,67,0.18472804009239682,https://ebba.english.ucsb.edu/ballad/31689/citation,https://ebba.english.ucsb.edu/ballad/31713/citation
30610,30613,,0.18394082912060136,https://ebba.english.ucsb.edu/ballad/30610/citation,https://ebba.english.ucsb.edu/ballad/30613/citation
20655,32457,,0.1837547128039838,https://ebba.english.ucsb.edu/ballad/20655/citation,https://ebba.english.ucsb.edu/ballad/32457/citation
30610,32457,,0.1836923746368794,https://ebba.english.ucsb.edu/ballad/30610/citation,https://ebba.english.ucsb.edu/ballad/32457/citation
20251,33906,67,0.183473138415433,https://ebba.english.ucsb.edu/ballad/20251/citation,https://ebba.english.ucsb.edu/ballad/33906/citation
20278,32069,67,0.18311894328653552,https://ebba.english.ucsb.edu/ballad/20278/citation,https://ebba.english.ucsb.edu/ballad/32069/citation
30101,31713,,0.18272505063689656,https://ebba.english.ucsb.edu/ballad/30101/citation,https://ebba.english.ucsb.edu/ballad/31713/citation
32440,32785,67,0.18211718069721688,https://ebba.english.ucsb.edu/ballad/32440/citation,https://ebba.english.ucsb.edu/ballad/32785/citation
20251,31673,67,0.18189905524641356,https://ebba.english.ucsb.edu/ballad/20251/citation,https://ebba.english.ucsb.edu/ballad/31673/citation
20251,31786,67,0.18179259495702954,https://ebba.english.ucsb.edu/ballad/20251/citation,https://ebba.english.ucsb.edu/ballad/31786/citation
20251,31689,67,0.18143811870041443,https://ebba.english.ucsb.edu/ballad/20251/citation,https://ebba.english.ucsb.edu/ballad/31689/citation
20229,20251,,0.18110678890334117,https://ebba.english.ucsb.edu/ballad/20229/citation,https://ebba.english.ucsb.edu/ballad/20251/citation
20279,32785,67,0.18026116610652476,https://ebba.english.ucsb.edu/ballad/20279/citation,https://ebba.english.ucsb.edu/ballad/32785/citation
31268,31713,,0.18022375231172774,https://ebba.english.ucsb.edu/ballad/31268/citation,https://ebba.english.ucsb.edu/ballad/31713/citation
31713,32020,,0.18014010565342223,https://ebba.english.ucsb.edu/ballad/31713/citation,https://ebba.english.ucsb.edu/ballad/32020/citation
30613,35138,,0.17985983812173736,https://ebba.english.ucsb.edu/ballad/30613/citation,https://ebba.english.ucsb.edu/ballad/35138/citation
32348,32440,,0.17981958809921333,https://ebba.english.ucsb.edu/ballad/32348/citation,https://ebba.english.ucsb.edu/ballad/32440/citation
30613,34008,,0.17958974334446004,https://ebba.english.ucsb.edu/ballad/30613/citation,https://ebba.english.ucsb.edu/ballad/34008/citation
20660,31654,,0.1793332509346298,https://ebba.english.ucsb.edu/ballad/20660/citation,https://ebba.english.ucsb.edu/ballad/31654/citation
20251,35475,,0.1788329575572502,https://ebba.english.ucsb.edu/ballad/20251/citation,https://ebba.english.ucsb.edu/ballad/35475/citation
20660,35658,42,0.1785673022454531,https://ebba.english.ucsb.edu/ballad/20660/citation,https://ebba.english.ucsb.edu/ballad/35658/citation
32457,35138,,0.1777805627931659,https://ebba.english.ucsb.edu/ballad/32457/citation,https://ebba.english.ucsb.edu/ballad/35138/citation
31689,32785,67,0.17774451556671458,https://ebba.english.ucsb.edu/ballad/31689/citation,https://ebba.english.ucsb.edu/ballad/32785/citation
32019,33906,,0.17765192700879498,https://ebba.english.ucsb.edu/ballad/32019/citation,https://ebba.english.ucsb.edu/ballad/33906/citation
32457,34008,,0.1775135904550759,https://ebba.english.ucsb.edu/ballad/32457/citation,https://ebba.english.ucsb.edu/ballad/34008/citation
31786,32019,,0.17750738374652342,https://ebba.english.ucsb.edu/ballad/31786/citation,https://ebba.english.ucsb.edu/ballad/32019/citation
20265,31713,,0.17723219499389609,https://ebba.english.ucsb.edu/ballad/20265/citation,https://ebba.english.ucsb.edu/ballad/31713/citation
31673,32785,67,0.17716259306878215,https://ebba.english.ucsb.edu/ballad/31673/citation,https://ebba.english.ucsb.edu/ballad/32785/citation
31713,31786,67,0.17706313643555888,https://ebba.english.ucsb.edu/ballad/31713/citation,https://ebba.english.ucsb.edu/ballad/31786/citation
30101,33906,,0.17705984147720769,https://ebba.english.ucsb.edu/ballad/30101/citation,https://ebba.english.ucsb.edu/ballad/33906/citation
30389,32457,,0.17685451772345592,https://ebba.english.ucsb.edu/ballad/30389/citation,https://ebba.english.ucsb.edu/ballad/32457/citation
20251,30101,,0.17670362142565743,https://ebba.english.ucsb.edu/ballad/20251/citation,https://ebba.english.ucsb.edu/ballad/30101/citation
20235,30101,,0.1766360225514941,https://ebba.english.ucsb.edu/ballad/20235/citation,https://ebba.english.ucsb.edu/ballad/30101/citation
21372,30613,,0.1765012045151601,https://ebba.english.ucsb.edu/ballad/21372/citation,https://ebba.english.ucsb.edu/ballad/30613/citation
20660,35128,42,0.17646894019720546,https://ebba.english.ucsb.edu/ballad/20660/citation,https://ebba.english.ucsb.edu/ballad/35128/citation
20660,32998,42,0.17639515596403416,https://ebba.english.ucsb.edu/ballad/20660/citation,https://ebba.english.ucsb.edu/ballad/32998/citation
20251,31268,,0.17627334065471129,https://ebba.english.ucsb.edu/ballad/20251/citation,https://ebba.english.ucsb.edu/ballad/31268/citation
20251,32020,,0.17619443289436426,https://ebba.english.ucsb.edu/ballad/20251/citation,https://ebba.english.ucsb.edu/ballad/32020/citation
20757,30729,42,0.17586427862122092,https://ebba.english.ucsb.edu/ballad/20757/citation,https://ebba.english.ucsb.edu/ballad/30729/citation
30729,35138,,0.17571668842602803,https://ebba.english.ucsb.edu/ballad/30729/citation,https://ebba.english.ucsb.edu/ballad/35138/citation
22198,34400,,0.17566958657239015,https://ebba.english.ucsb.edu/ballad/22198/citation,https://ebba.english.ucsb.edu/ballad/34400/citation
30101,31786,,0.17563556985119816,https://ebba.english.ucsb.edu/ballad/30101/citation,https://ebba.english.ucsb.edu/ballad/31786/citation
20235,32019,,0.17563546357334076,https://ebba.english.ucsb.edu/ballad/20235/citation,https://ebba.english.ucsb.edu/ballad/32019/citation
31713,33906,67,0.17562430356946485,https://ebba.english.ucsb.edu/ballad/31713/citation,https://ebba.english.ucsb.edu/ballad/33906/citation
31654,32457,,0.17557227242351886,https://ebba.english.ucsb.edu/ballad/31654/citation,https://ebba.english.ucsb.edu/ballad/32457/citation
30729,34008,,0.17545281539956495,https://ebba.english.ucsb.edu/ballad/30729/citation,https://ebba.english.ucsb.edu/ballad/34008/citation
20265,32457,,0.17507985956235822,https://ebba.english.ucsb.edu/ballad/20265/citation,https://ebba.english.ucsb.edu/ballad/32457/citation
20251,35507,67,0.1746934903996827,https://ebba.english.ucsb.edu/ballad/20251/citation,https://ebba.english.ucsb.edu/ballad/35507/citation
21372,32457,,0.17468068956770566,https://ebba.english.ucsb.edu/ballad/21372/citation,https://ebba.english.ucsb.edu/ballad/32457/citation
20229,31713,,0.1745673178553412,https://ebba.english.ucsb.edu/ballad/20229/citation,https://ebba.english.ucsb.edu/ballad/31713/citation
20757,21372,,0.17424948985922395,https://ebba.english.ucsb.edu/ballad/20757/citation,https://ebba.english.ucsb.edu/ballad/21372/citation
30408,32785,67,0.17378941476344445,https://ebba.english.ucsb.edu/ballad/30408/citation,https://ebba.english.ucsb.edu/ballad/32785/citation
31713,32440,67,0.17357983430163101,https://ebba.english.ucsb.edu/ballad/31713/citation,https://ebba.english.ucsb.edu/ballad/32440/citation
30613,31713,,0.1733819856525222,https://ebba.english.ucsb.edu/ballad/30613/citation,https://ebba.english.ucsb.edu/ballad/31713/citation
20757,34008,,0.17308476164827402,https://ebba.english.ucsb.edu/ballad/20757/citation,https://ebba.english.ucsb.edu/ballad/34008/citation
20229,33906,,0.17292349918846778,https://ebba.english.ucsb.edu/ballad/20229/citation,https://ebba.english.ucsb.edu/ballad/33906/citation
31713,35475,,0.17261877602688389,https://ebba.english.ucsb.edu/ballad/31713/citation,https://ebba.english.ucsb.edu/ballad/35475/citation
20229,20235,,0.17237245474232452,https://ebba.english.ucsb.edu/ballad/20229/citation,https://ebba.english.ucsb.edu/ballad/20235/citation
20251,20757,,0.1722902439482955,https://ebba.english.ucsb.edu/ballad/20251/citation,https://ebba.english.ucsb.edu/ballad/20757/citation
20265,30613,,0.17208477370654274,https://ebba.english.ucsb.edu/ballad/20265/citation,https://ebba.english.ucsb.edu/ballad/30613/citation
20278,30326,,0.1720819913023377,https://ebba.english.ucsb.edu/ballad/20278/citation,https://ebba.english.ucsb.edu/ballad/30326/citation
33906,35475,,0.17159358458239246,https://ebba.english.ucsb.edu/ballad/33906/citation,https://ebba.english.ucsb.edu/ballad/35475/citation
20251,20265,,0.171357398907902,https://ebba.english.ucsb.edu/ballad/20251/citation,https://ebba.english.ucsb.edu/ballad/20265/citation
20251,20279,67,0.1710459448693485,https://ebba.english.ucsb.edu/ballad/20251/citation,https://ebba.english.ucsb.edu/ballad/20279/citation
20251,32440,67,0.17082760149741183,https://ebba.english.ucsb.edu/ballad/20251/citation,https://ebba.english.ucsb.edu/ballad/32440/citation
20674,32457,,0.16976018579550267,https://ebba.english.ucsb.edu/ballad/20674/citation,https://ebba.english.ucsb.edu/ballad/32457/citation
30084,30729,42,0.16956925443979282,https://ebba.english.ucsb.edu/ballad/30084/citation,https://ebba.english.ucsb.edu/ballad/30729/citation
20235,31713,67,0.16952739059536917,https://ebba.english.ucsb.edu/ballad/20235/citation,https://ebba.english.ucsb.edu/ballad/31713/citation
20757,35138,,0.1685473822328769,https://ebba.english.ucsb.edu/ballad/20757/citation,https://ebba.english.ucsb.edu/ballad/35138/citation
20757,30610,,0.16812035318961024,https://ebba.english.ucsb.edu/ballad/20757/citation,https://ebba.english.ucsb.edu/ballad/30610/citation
20235,35475,,0.1679835227244193,https://ebba.english.ucsb.edu/ballad/20235/citation,https://ebba.english.ucsb.edu/ballad/35475/citation
20265,20279,,0.1679826334350111,https://ebba.english.ucsb.edu/ballad/20265/citation,https://ebba.english.ucsb.edu/ballad/20279/citation
20279,31713,67,0.16784992950091465,https://ebba.english.ucsb.edu/ballad/20279/citation,https://ebba.english.ucsb.edu/ballad/31713/citation
22198,22373,,0.1677074861870729,https://ebba.english.ucsb.edu/ballad/22198/citation,https://ebba.english.ucsb.edu/ballad/22373/citation
30084,30610,,0.1674930431546302,https://ebba.english.ucsb.edu/ballad/30084/citation,https://ebba.english.ucsb.edu/ballad/30610/citation
20741,20757,,0.16658396186305247,https://ebba.english.ucsb.edu/ballad/20741/citation,https://ebba.english.ucsb.edu/ballad/20757/citation
20229,31786,,0.16634325027418972,https://ebba.english.ucsb.edu/ballad/20229/citation,https://ebba.english.ucsb.edu/ballad/31786/citation
20265,30729,,0.16629189254903884,https://ebba.english.ucsb.edu/ballad/20265/citation,https://ebba.english.ucsb.edu/ballad/30729/citation
31268,31786,,0.16612946769785533,https://ebba.english.ucsb.edu/ballad/31268/citation,https://ebba.english.ucsb.edu/ballad/31786/citation
20655,35128,,0.16596067792495886,https://ebba.english.ucsb.edu/ballad/20655/citation,https://ebba.english.ucsb.edu/ballad/35128/citation
20655,32998,,0.16589128734923708,https://ebba.english.ucsb.edu/ballad/20655/citation,https://ebba.english.ucsb.edu/ballad/32998/citation
20660,21372,,0.1657593934421558,https://ebba.english.ucsb.edu/ballad/20660/citation,https://ebba.english.ucsb.edu/ballad/21372/citation
20660,32457,,0.16571978516149094,https://ebba.english.ucsb.edu/ballad/20660/citation,https://ebba.english.ucsb.edu/ballad/32457/citation
32069,32785,67,0.16547564542256624,https://ebba.english.ucsb.edu/ballad/32069/citation,https://ebba.english.ucsb.edu/ballad/32785/citation
31713,35507,67,0.16534748268261726,https://ebba.english.ucsb.edu/ballad/31713/citation,https://ebba.english.ucsb.edu/ballad/35507/citation
20660,30101,,0.16521195175539669,https://ebba.english.ucsb.edu/ballad/20660/citation,https://ebba.english.ucsb.edu/ballad/30101/citation
31786,32020,,0.16495832478222427,https://ebba.english.ucsb.edu/ballad/31786/citation,https://ebba.english.ucsb.edu/ballad/32020/citation
31268,33906,,0.16478686694585729,https://ebba.english.ucsb.edu/ballad/31268/citation,https://ebba.english.ucsb.edu/ballad/33906/citation
32019,35507,,0.16468823369002647,https://ebba.english.ucsb.edu/ballad/32019/citation,https://ebba.english.ucsb.edu/ballad/35507/citation
30101,35507,,0.1641747601677506,https://ebba.english.ucsb.edu/ballad/30101/citation,https://ebba.english.ucsb.edu/ballad/35507/citation
20235,31268,,0.16414631732950108,https://ebba.english.ucsb.edu/ballad/20235/citation,https://ebba.english.ucsb.edu/ballad/31268/citation
20674,30084,42,0.16394195117289945,https://ebba.english.ucsb.edu/ballad/20674/citation,https://ebba.english.ucsb.edu/ballad/30084/citation
32020,33906,,0.16357527934296012,https://ebba.english.ucsb.edu/ballad/32020/citation,https://ebba.english.ucsb.edu/ballad/33906/citation
20235,32020,,0.16297525940415133,https://ebba.english.ucsb.edu/ballad/20235/citation,https://ebba.english.ucsb.edu/ballad/32020/citation
20655,35658,,0.16272371459101392,https://ebba.english.ucsb.edu/ballad/20655/citation,https://ebba.english.ucsb.edu/ballad/35658/citation
20251,30613,,0.16265695829427382,https://ebba.english.ucsb.edu/ballad/20251/citation,https://ebba.english.ucsb.edu/ballad/30613/citation
21372,30084,,0.1625149970104695,https://ebba.english.ucsb.edu/ballad/21372/citation,https://ebba.english.ucsb.edu/ballad/30084/citation
31786,35475,,0.16209191386600888,https://ebba.english.ucsb.edu/ballad/31786/citation,https://ebba.english.ucsb.edu/ballad/35475/citation
20278,31673,67,0.16192363030727824,https://ebba.english.ucsb.edu/ballad/20278/citation,https://ebba.english.ucsb.edu/ballad/31673/citation
20674,22198,,0.16163278828031774,https://ebba.english.ucsb.edu/ballad/20674/citation,https://ebba.english.ucsb.edu/ballad/22198/citation
20660,34008,,0.1615680617058997,https://ebba.english.ucsb.edu/ballad/20660/citation,https://ebba.english.ucsb.edu/ballad/34008/citation
20278,30408,67,0.1615051629328367,https://ebba.english.ucsb.edu/ballad/20278/citation,https://ebba.english.ucsb.edu/ballad/30408/citation
30084,35138,,0.16131790773007476,https://ebba.english.ucsb.edu/ballad/30084/citation,https://ebba.english.ucsb.edu/ballad/35138/citation
20278,31689,67,0.16113958325121822,https://ebba.english.ucsb.edu/ballad/20278/citation,https://ebba.english.ucsb.edu/ballad/31689/citation
30084,34008,,0.1610756572932112,https://ebba.english.ucsb.edu/ballad/30084/citation,https://ebba.english.ucsb.edu/ballad/34008/citation
20229,35507,,0.16086974743134902,https://ebba.english.ucsb.edu/ballad/20229/citation,https://ebba.english.ucsb.edu/ballad/35507/citation
32440,36309,,0.16049436821964747,https://ebba.english.ucsb.edu/ballad/32440/citation,https://ebba.english.ucsb.edu/ballad/36309/citation
20660,32019,,0.16041057482647297,https://ebba.english.ucsb.edu/ballad/20660/citation,https://ebba.english.ucsb.edu/ballad/32019/citation
30084,30389,,0.16023528607926255,https://ebba.english.ucsb.edu/ballad/30084/citation,https://ebba.english.ucsb.edu/ballad/30389/citation
30613,31786,,0.16022006347486542,https://ebba.english.ucsb.edu/ballad/30613/citation,https://ebba.english.ucsb.edu/ballad/31786/citation
20265,32440,,0.15887119195861363,https://ebba.english.ucsb.edu/ballad/20265/citation,https://ebba.english.ucsb.edu/ballad/32440/citation
35475,35507,,0.15867233593495375,https://ebba.english.ucsb.edu/ballad/35475/citation,https://ebba.english.ucsb.edu/ballad/35507/citation
32457,33906,,0.15816221679157205,https://ebba.english.ucsb.edu/ballad/32457/citation,https://ebba.english.ucsb.edu/ballad/33906/citation
20660,30610,,0.15758326095345962,https://ebba.english.ucsb.edu/ballad/20660/citation,https://ebba.english.ucsb.edu/ballad/30610/citation
20660,35138,,0.15733842490573974,https://ebba.english.ucsb.edu/ballad/20660/citation,https://ebba.english.ucsb.edu/ballad/35138/citation
32348,36309,32,0.15713950243439054,https://ebba.english.ucsb.edu/ballad/32348/citation,https://ebba.english.ucsb.edu/ballad/36309/citation
20235,30613,,0.15687995578099473,https://ebba.english.ucsb.edu/ballad/20235/citation,https://ebba.english.ucsb.edu/ballad/30613/citation
30613,33906,,0.15668129619557455,https://ebba.english.ucsb.edu/ballad/30613/citation,https://ebba.english.ucsb.edu/ballad/33906/citation
30613,35507,,0.15642483117319916,https://ebba.english.ucsb.edu/ballad/30613/citation,https://ebba.english.ucsb.edu/ballad/35507/citation
34400,34605,,0.15633955016451634,https://ebba.english.ucsb.edu/ballad/34400/citation,https://ebba.english.ucsb.edu/ballad/34605/citation
20660,35475,,0.15591875201988545,https://ebba.english.ucsb.edu/ballad/20660/citation,https://ebba.english.ucsb.edu/ballad/35475/citation
30084,30326,42,0.1558383341504692,https://ebba.english.ucsb.edu/ballad/30084/citation,https://ebba.english.ucsb.edu/ballad/30326/citation
20229,20660,,0.15509350421338966,https://ebba.english.ucsb.edu/ballad/20229/citation,https://ebba.english.ucsb.edu/ballad/20660/citation
30326,36309,,0.15498248694381864,https://ebba.english.ucsb.edu/ballad/30326/citation,https://ebba.english.ucsb.edu/ballad/36309/citation
20265,32348,,0.15485528062873838,https://ebba.english.ucsb.edu/ballad/20265/citation,https://ebba.english.ucsb.edu/ballad/32348/citation
31268,35507,,0.15484265753859772,https://ebba.english.ucsb.edu/ballad/31268/citation,https://ebba.english.ucsb.edu/ballad/35507/citation
32457,34400,,0.15440265336225875,https://ebba.english.ucsb.edu/ballad/32457/citation,https://ebba.english.ucsb.edu/ballad/34400/citation
20660,31268,,0.15381278263198012,https://ebba.english.ucsb.edu/ballad/20660/citation,https://ebba.english.ucsb.edu/ballad/31268/citation
32020,35507,,0.1536963002353646,https://ebba.english.ucsb.edu/ballad/32020/citation,https://ebba.english.ucsb.edu/ballad/35507/citation
31654,35658,,0.15273311139874945,https://ebba.english.ucsb.edu/ballad/31654/citation,https://ebba.english.ucsb.edu/ballad/35658/citation
30173,32348,32,0.15255652982734458,https://ebba.english.ucsb.edu/ballad/30173/citation,https://ebba.english.ucsb.edu/ballad/32348/citation
20674,34400,,0.15252131629751942,https://ebba.english.ucsb.edu/ballad/20674/citation,https://ebba.english.ucsb.edu/ballad/34400/citation
20235,30084,,0.15244802210270847,https://ebba.english.ucsb.edu/ballad/20235/citation,https://ebba.english.ucsb.edu/ballad/30084/citation
30173,31631,32,0.15215830014491694,https://ebba.english.ucsb.edu/ballad/30173/citation,https://ebba.english.ucsb.edu/ballad/31631/citation
20660,32020,,0.15174271794761224,https://ebba.english.ucsb.edu/ballad/20660/citation,https://ebba.english.ucsb.edu/ballad/32020/citation
20757,31713,,0.15115173057124,https://ebba.english.ucsb.edu/ballad/20757/citation,https://ebba.english.ucsb.edu/ballad/31713/citation
31654,35128,,0.15093832948492872,https://ebba.english.ucsb.edu/ballad/31654/citation,https://ebba.english.ucsb.edu/ballad/35128/citation
31654,32998,,0.15087521997180547,https://ebba.english.ucsb.edu/ballad/31654/citation,https://ebba.english.ucsb.edu/ballad/32998/citation
30084,34959,42,0.15060071223414323,https://ebba.english.ucsb.edu/ballad/30084/citation,https://ebba.english.ucsb.edu/ballad/34959/citation
30173,30232,32,0.15041841605489417,https://ebba.english.ucsb.edu/ballad/30173/citation,https://ebba.english.ucsb.edu/ballad/30232/citation
20674,34420,,0.14948669676411178,https://ebba.english.ucsb.edu/ballad/20674/citation,https://ebba.english.ucsb.edu/ballad/34420/citation
30084,30101,,0.1494772114312818,https://ebba.english.ucsb.edu/ballad/30084/citation,https://ebba.english.ucsb.edu/ballad/30101/citation
20251,30084,,0.14940065206195643,https://ebba.english.ucsb.edu/ballad/20251/citation,https://ebba.english.ucsb.edu/ballad/30084/citation
20757,30660,42,0.14921751838859612,https://ebba.english.ucsb.edu/ballad/20757/citation,https://ebba.english.ucsb.edu/ballad/30660/citation
30084,32868,42,0.14920917812833706,https://ebba.english.ucsb.edu/ballad/30084/citation,https://ebba.english.ucsb.edu/ballad/32868/citation
30326,30660,42,0.1490753607023958,https://ebba.english.ucsb.edu/ballad/30326/citation,https://ebba.english.ucsb.edu/ballad/30660/citation
20279,36309,,0.14903119022810615,https://ebba.english.ucsb.edu/ballad/20279/citation,https://ebba.english.ucsb.edu/ballad/36309/citation
34400,34604,,0.1488236350320694,https://ebba.english.ucsb.edu/ballad/34400/citation,https://ebba.english.ucsb.edu/ballad/34604/citation
22198,34108,,0.14832822402904036,https://ebba.english.ucsb.edu/ballad/22198/citation,https://ebba.english.ucsb.edu/ballad/34108/citation
30084,32019,,0.1481728564247241,https://ebba.english.ucsb.edu/ballad/30084/citation,https://ebba.english.ucsb.edu/ballad/32019/citation
31713,36309,,0.1480309356686137,https://ebba.english.ucsb.edu/ballad/31713/citation,https://ebba.english.ucsb.edu/ballad/36309/citation
20674,30101,,0.14796487947082088,https://ebba.english.ucsb.edu/ballad/20674/citation,https://ebba.english.ucsb.edu/ballad/30101/citation
32069,32457,,0.14795600838459,https://ebba.english.ucsb.edu/ballad/32069/citation,https://ebba.english.ucsb.edu/ballad/32457/citation
20660,30084,42,0.1479474528941024,https://ebba.english.ucsb.edu/ballad/20660/citation,https://ebba.english.ucsb.edu/ballad/30084/citation
20655,30729,,0.14754636282810524,https://ebba.english.ucsb.edu/ballad/20655/citation,https://ebba.english.ucsb.edu/ballad/30729/citation
34420,34605,,0.14753532893801832,https://ebba.english.ucsb.edu/ballad/34420/citation,https://ebba.english.ucsb.edu/ballad/34605/citation
22198,30326,,0.14749641569023958,https://ebba.english.ucsb.edu/ballad/22198/citation,https://ebba.english.ucsb.edu/ballad/30326/citation
30084,31713,,0.14743185955197674,https://ebba.english.ucsb.edu/ballad/30084/citation,https://ebba.english.ucsb.edu/ballad/31713/citation
30084,30660,42,0.14739985267313785,https://ebba.english.ucsb.edu/ballad/30084/citation,https://ebba.english.ucsb.edu/ballad/30660/citation
30084,32440,,0.14736664138162398,https://ebba.english.ucsb.edu/ballad/30084/citation,https://ebba.english.ucsb.edu/ballad/32440/citation
20674,31268,,0.1472256365737734,https://ebba.english.ucsb.edu/ballad/20674/citation,https://ebba.english.ucsb.edu/ballad/31268/citation
20265,31654,18,0.1470969679910559,https://ebba.english.ucsb.edu/ballad/20265/citation,https://ebba.english.ucsb.edu/ballad/31654/citation
20674,32020,,0.14704204531604084,https://ebba.english.ucsb.edu/ballad/20674/citation,https://ebba.english.ucsb.edu/ballad/32020/citation
30613,32457,,0.14688304956468223,https://ebba.english.ucsb.edu/ballad/30613/citation,https://ebba.english.ucsb.edu/ballad/32457/citation
31673,32348,,0.14668679640870444,https://ebba.english.ucsb.edu/ballad/31673/citation,https://ebba.english.ucsb.edu/ballad/32348/citation
20265,32785,,0.1462743534101005,https://ebba.english.ucsb.edu/ballad/20265/citation,https://ebba.english.ucsb.edu/ballad/32785/citation
30326,34959,42,0.14627404470526614,https://ebba.english.ucsb.edu/ballad/30326/citation,https://ebba.english.ucsb.edu/ballad/34959/citation
20674,35475,,0.14560446471669877,https://ebba.english.ucsb.edu/ballad/20674/citation,https://ebba.english.ucsb.edu/ballad/35475/citation
30326,34400,,0.14560360029829061,https://ebba.english.ucsb.edu/ballad/30326/citation,https://ebba.english.ucsb.edu/ballad/34400/citation
20660,34420,,0.1455692303845409,https://ebba.english.ucsb.edu/ballad/20660/citation,https://ebba.english.ucsb.edu/ballad/34420/citation
20674,32019,,0.1455664127850925,https://ebba.english.ucsb.edu/ballad/20674/citation,https://ebba.english.ucsb.edu/ballad/32019/citation
20660,30049,42,0.145404095673368,https://ebba.english.ucsb.edu/ballad/20660/citation,https://ebba.english.ucsb.edu/ballad/30049/citation
31713,32348,,0.14534199694298097,https://ebba.english.ucsb.edu/ballad/31713/citation,https://ebba.english.ucsb.edu/ballad/32348/citation
30326,32868,42,0.14531874356871177,https://ebba.english.ucsb.edu/ballad/30326/citation,https://ebba.english.ucsb.edu/ballad/32868/citation
30729,31654,,0.14520812643448286,https://ebba.english.ucsb.edu/ballad/30729/citation,https://ebba.english.ucsb.edu/ballad/31654/citation
20251,30729,,0.14513940954630825,https://ebba.english.ucsb.edu/ballad/20251/citation,https://ebba.english.ucsb.edu/ballad/30729/citation
31689,32348,,0.14489728999388657,https://ebba.english.ucsb.edu/ballad/31689/citation,https://ebba.english.ucsb.edu/ballad/32348/citation
20265,20660,,0.1448118174452142,https://ebba.english.ucsb.edu/ballad/20265/citation,https://ebba.english.ucsb.edu/ballad/20660/citation
20674,20757,42,0.14467406172212835,https://ebba.english.ucsb.edu/ballad/20674/citation,https://ebba.english.ucsb.edu/ballad/20757/citation
20229,20674,,0.1434972967619497,https://ebba.english.ucsb.edu/ballad/20229/citation,https://ebba.english.ucsb.edu/ballad/20674/citation
20279,30049,,0.14337953953570207,https://ebba.english.ucsb.edu/ballad/20279/citation,https://ebba.english.ucsb.edu/ballad/30049/citation
30729,31713,,0.14334467856365143,https://ebba.english.ucsb.edu/ballad/30729/citation,https://ebba.english.ucsb.edu/ballad/31713/citation
20265,20278,,0.14333280313518523,https://ebba.english.ucsb.edu/ballad/20265/citation,https://ebba.english.ucsb.edu/ballad/20278/citation
20757,34959,42,0.1429390605335527,https://ebba.english.ucsb.edu/ballad/20757/citation,https://ebba.english.ucsb.edu/ballad/34959/citation
20278,22198,,0.14289353133438082,https://ebba.english.ucsb.edu/ballad/20278/citation,https://ebba.english.ucsb.edu/ballad/22198/citation
20229,20757,,0.14278617594471962,https://ebba.english.ucsb.edu/ballad/20229/citation,https://ebba.english.ucsb.edu/ballad/20757/citation
20757,32019,,0.1425454815690029,https://ebba.english.ucsb.edu/ballad/20757/citation,https://ebba.english.ucsb.edu/ballad/32019/citation
32069,32348,,0.14245550116039124,https://ebba.english.ucsb.edu/ballad/32069/citation,https://ebba.english.ucsb.edu/ballad/32348/citation
30084,30613,42,0.14236454524450462,https://ebba.english.ucsb.edu/ballad/30084/citation,https://ebba.english.ucsb.edu/ballad/30613/citation
22198,35475,18,0.14208957675745804,https://ebba.english.ucsb.edu/ballad/22198/citation,https://ebba.english.ucsb.edu/ballad/35475/citation
20741,32457,168,0.14190980514719656,https://ebba.english.ucsb.edu/ballad/20741/citation,https://ebba.english.ucsb.edu/ballad/32457/citation
20741,30326,,0.14187173999899869,https://ebba.english.ucsb.edu/ballad/20741/citation,https://ebba.english.ucsb.edu/ballad/30326/citation
20229,22198,18,0.14171586965978678,https://ebba.english.ucsb.edu/ballad/20229/citation,https://ebba.english.ucsb.edu/ballad/22198/citation
20251,32348,,0.14155867836880628,https://ebba.english.ucsb.edu/ballad/20251/citation,https://ebba.english.ucsb.edu/ballad/32348/citation
30610,31713,,0.14124230778948213,https://ebba.english.ucsb.edu/ballad/30610/citation,https://ebba.english.ucsb.edu/ballad/31713/citation
30084,31786,,0.141185688673912,https://ebba.english.ucsb.edu/ballad/30084/citation,https://ebba.english.ucsb.edu/ballad/31786/citation
20279,30084,,0.14068626461593742,https://ebba.english.ucsb.edu/ballad/20279/citation,https://ebba.english.ucsb.edu/ballad/30084/citation
20757,30101,,0.1404490708176568,https://ebba.english.ucsb.edu/ballad/20757/citation,https://ebba.english.ucsb.edu/ballad/30101/citation
30084,32348,,0.14044765082751448,https://ebba.english.ucsb.edu/ballad/30084/citation,https://ebba.english.ucsb.edu/ballad/32348/citation
30326,30729,42,0.13979207562484106,https://ebba.english.ucsb.edu/ballad/30326/citation,https://ebba.english.ucsb.edu/ballad/30729/citation
22198,32457,,0.13955790615777952,https://ebba.english.ucsb.edu/ballad/22198/citation,https://ebba.english.ucsb.edu/ballad/32457/citation
30173,32457,,0.13947046144106504,https://ebba.english.ucsb.edu/ballad/30173/citation,https://ebba.english.ucsb.edu/ballad/32457/citation
32069,34400,,0.13944861074477638,https://ebba.english.ucsb.edu/ballad/32069/citation,https://ebba.english.ucsb.edu/ballad/34400/citation
30610,31786,,0.13904019487630676,https://ebba.english.ucsb.edu/ballad/30610/citation,https://ebba.english.ucsb.edu/ballad/31786/citation
20251,21372,,0.1386729309628131,https://ebba.english.ucsb.edu/ballad/20251/citation,https://ebba.english.ucsb.edu/ballad/21372/citation
32348,34108,32,0.13856671316340893,https://ebba.english.ucsb.edu/ballad/32348/citation,https://ebba.english.ucsb.edu/ballad/34108/citation
30049,30613,42,0.13835329662706317,https://ebba.english.ucsb.edu/ballad/30049/citation,https://ebba.english.ucsb.edu/ballad/30613/citation
20251,36309,,0.1378168817418275,https://ebba.english.ucsb.edu/ballad/20251/citation,https://ebba.english.ucsb.edu/ballad/36309/citation
30408,30613,,0.13781021201193666,https://ebba.english.ucsb.edu/ballad/30408/citation,https://ebba.english.ucsb.edu/ballad/30613/citation
20757,32868,42,0.13774575548227613,https://ebba.english.ucsb.edu/ballad/20757/citation,https://ebba.english.ucsb.edu/ballad/32868/citation
30610,30660,,0.13769165764633007,https://ebba.english.ucsb.edu/ballad/30610/citation,https://ebba.english.ucsb.edu/ballad/30660/citation
34420,34604,,0.13769062150452818,https://ebba.english.ucsb.edu/ballad/34420/citation,https://ebba.english.ucsb.edu/ballad/34604/citation
22198,30101,18,0.13755750700011576,https://ebba.english.ucsb.edu/ballad/22198/citation,https://ebba.english.ucsb.edu/ballad/30101/citation
20251,35138,,0.1374792629074682,https://ebba.english.ucsb.edu/ballad/20251/citation,https://ebba.english.ucsb.edu/ballad/35138/citation
20674,34108,,0.13736374382153047,https://ebba.english.ucsb.edu/ballad/20674/citation,https://ebba.english.ucsb.edu/ballad/34108/citation
20251,34008,,0.13727281086523907,https://ebba.english.ucsb.edu/ballad/20251/citation,https://ebba.english.ucsb.edu/ballad/34008/citation
20235,21372,,0.13707906044522256,https://ebba.english.ucsb.edu/ballad/20235/citation,https://ebba.english.ucsb.edu/ballad/21372/citation
30729,35128,42,0.13679941430998827,https://ebba.english.ucsb.edu/ballad/30729/citation,https://ebba.english.ucsb.edu/ballad/35128/citation
30729,32998,42,0.1367422164831533,https://ebba.english.ucsb.edu/ballad/30729/citation,https://ebba.english.ucsb.edu/ballad/32998/citation
34605,34606,35,0.13666114717163358,https://ebba.english.ucsb.edu/ballad/34605/citation,https://ebba.english.ucsb.edu/ballad/34606/citation
32348,34400,32,0.13646795016220462,https://ebba.english.ucsb.edu/ballad/32348/citation,https://ebba.english.ucsb.edu/ballad/34400/citation
30101,32069,,0.1363830687071186,https://ebba.english.ucsb.edu/ballad/30101/citation,https://ebba.english.ucsb.edu/ballad/32069/citation
30049,32348,,0.13619425208602862,https://ebba.english.ucsb.edu/ballad/30049/citation,https://ebba.english.ucsb.edu/ballad/32348/citation
21372,34959,,0.13611501862938868,https://ebba.english.ucsb.edu/ballad/21372/citation,https://ebba.english.ucsb.edu/ballad/34959/citation
33906,35138,,0.1360573146854402,https://ebba.english.ucsb.edu/ballad/33906/citation,https://ebba.english.ucsb.edu/ballad/35138/citation
30389,30660,,0.13603695262262394,https://ebba.english.ucsb.edu/ballad/30389/citation,https://ebba.english.ucsb.edu/ballad/30660/citation
30408,34400,,0.13599597715121567,https://ebba.english.ucsb.edu/ballad/30408/citation,https://ebba.english.ucsb.edu/ballad/34400/citation
31786,32457,,0.13596111418371606,https://ebba.english.ucsb.edu/ballad/31786/citation,https://ebba.english.ucsb.edu/ballad/32457/citation
33906,34008,,0.13585299797699277,https://ebba.english.ucsb.edu/ballad/33906/citation,https://ebba.english.ucsb.edu/ballad/34008/citation
34604,34606,35,0.13584238460099374,https://ebba.english.ucsb.edu/ballad/34604/citation,https://ebba.english.ucsb.edu/ballad/34606/citation
30084,35507,,0.13582557582271507,https://ebba.english.ucsb.edu/ballad/30084/citation,https://ebba.english.ucsb.edu/ballad/35507/citation
34605,35655,35,0.13578635001497638,https://ebba.english.ucsb.edu/ballad/34605/citation,https://ebba.english.ucsb.edu/ballad/35655/citation
20229,30084,,0.13576187838232232,https://ebba.english.ucsb.edu/ballad/20229/citation,https://ebba.english.ucsb.edu/ballad/30084/citation
20757,35475,,0.13552524010587655,https://ebba.english.ucsb.edu/ballad/20757/citation,https://ebba.english.ucsb.edu/ballad/35475/citation
30389,34420,32,0.13537494815888218,https://ebba.english.ucsb.edu/ballad/30389/citation,https://ebba.english.ucsb.edu/ballad/34420/citation
32019,32069,,0.1353724933619571,https://ebba.english.ucsb.edu/ballad/32019/citation,https://ebba.english.ucsb.edu/ballad/32069/citation
34959,35138,,0.13524957083202893,https://ebba.english.ucsb.edu/ballad/34959/citation,https://ebba.english.ucsb.edu/ballad/35138/citation
30084,35475,,0.13520572975600298,https://ebba.english.ucsb.edu/ballad/30084/citation,https://ebba.english.ucsb.edu/ballad/35475/citation
30613,31689,,0.1350785432650271,https://ebba.english.ucsb.edu/ballad/30613/citation,https://ebba.english.ucsb.edu/ballad/31689/citation
34008,34959,,0.13504646710919554,https://ebba.english.ucsb.edu/ballad/34008/citation,https://ebba.english.ucsb.edu/ballad/34959/citation
21372,32868,,0.1349789462782678,https://ebba.english.ucsb.edu/ballad/21372/citation,https://ebba.english.ucsb.edu/ballad/32868/citation
34604,35655,35,0.134972828518216,https://ebba.english.ucsb.edu/ballad/34604/citation,https://ebba.english.ucsb.edu/ballad/35655/citation
20660,30613,42,0.13497113508533157,https://ebba.english.ucsb.edu/ballad/20660/citation,https://ebba.english.ucsb.edu/ballad/30613/citation
21372,33906,,0.13479910985237933,https://ebba.english.ucsb.edu/ballad/21372/citation,https://ebba.english.ucsb.edu/ballad/33906/citation
20660,34400,,0.13472947888904097,https://ebba.english.ucsb.edu/ballad/20660/citation,https://ebba.english.ucsb.edu/ballad/34400/citation
30084,32020,,0.13472385483940683,https://ebba.english.ucsb.edu/ballad/30084/citation,https://ebba.english.ucsb.edu/ballad/32020/citation
30326,32457,,0.13456281389732616,https://ebba.english.ucsb.edu/ballad/30326/citation,https://ebba.english.ucsb.edu/ballad/32457/citation
30084,31268,,0.13451389131709032,https://ebba.english.ucsb.edu/ballad/30084/citation,https://ebba.english.ucsb.edu/ballad/31268/citation
20265,32069,,0.13447573232972942,https://ebba.english.ucsb.edu/ballad/20265/citation,https://ebba.english.ucsb.edu/ballad/32069/citation
20265,31673,,0.134195379404686,https://ebba.english.ucsb.edu/ballad/20265/citation,https://ebba.english.ucsb.edu/ballad/31673/citation
20279,30326,,0.13409390181212066,https://ebba.english.ucsb.edu/ballad/20279/citation,https://ebba.english.ucsb.edu/ballad/30326/citation
34605,36165,35,0.13407528185723924,https://ebba.english.ucsb.edu/ballad/34605/citation,https://ebba.english.ucsb.edu/ballad/36165/citation
32868,35138,,0.1340524760336819,https://ebba.english.ucsb.edu/ballad/32868/citation,https://ebba.english.ucsb.edu/ballad/35138/citation
20235,30610,,0.13394926282139277,https://ebba.english.ucsb.edu/ballad/20235/citation,https://ebba.english.ucsb.edu/ballad/30610/citation
30408,32019,,0.13393246480489424,https://ebba.english.ucsb.edu/ballad/30408/citation,https://ebba.english.ucsb.edu/ballad/32019/citation
30610,34959,,0.13386149875890907,https://ebba.english.ucsb.edu/ballad/30610/citation,https://ebba.english.ucsb.edu/ballad/34959/citation
32868,34008,,0.13385116998317112,https://ebba.english.ucsb.edu/ballad/32868/citation,https://ebba.english.ucsb.edu/ballad/34008/citation
32879,34605,35,0.13383729706722367,https://ebba.english.ucsb.edu/ballad/32879/citation,https://ebba.english.ucsb.edu/ballad/34605/citation
20655,30084,,0.1337738916904584,https://ebba.english.ucsb.edu/ballad/20655/citation,https://ebba.english.ucsb.edu/ballad/30084/citation
30408,32457,,0.1337318288893817,https://ebba.english.ucsb.edu/ballad/30408/citation,https://ebba.english.ucsb.edu/ballad/32457/citation
20278,30049,,0.13372221193852896,https://ebba.english.ucsb.edu/ballad/20278/citation,https://ebba.english.ucsb.edu/ballad/30049/citation
20251,22198,,0.13362894330480884,https://ebba.english.ucsb.edu/ballad/20251/citation,https://ebba.english.ucsb.edu/ballad/22198/citation
32878,34605,35,0.1335689337399814,https://ebba.english.ucsb.edu/ballad/32878/citation,https://ebba.english.ucsb.edu/ballad/34605/citation
30729,35658,42,0.13346789999464115,https://ebba.english.ucsb.edu/ballad/30729/citation,https://ebba.english.ucsb.edu/ballad/35658/citation
34604,36165,35,0.13322724319256446,https://ebba.english.ucsb.edu/ballad/34604/citation,https://ebba.english.ucsb.edu/ballad/36165/citation
30084,33906,,0.13318095885964365,https://ebba.english.ucsb.edu/ballad/30084/citation,https://ebba.english.ucsb.edu/ballad/33906/citation
35138,35507,,0.13312003230056194,https://ebba.english.ucsb.edu/ballad/35138/citation,https://ebba.english.ucsb.edu/ballad/35507/citation
20251,30610,,0.13308508675663056,https://ebba.english.ucsb.edu/ballad/20251/citation,https://ebba.english.ucsb.edu/ballad/30610/citation
21372,30660,,0.13307648869807262,https://ebba.english.ucsb.edu/ballad/21372/citation,https://ebba.english.ucsb.edu/ballad/30660/citation
32879,34604,35,0.13299076367854565,https://ebba.english.ucsb.edu/ballad/32879/citation,https://ebba.english.ucsb.edu/ballad/34604/citation
20235,32457,,0.1329425573157149,https://ebba.english.ucsb.edu/ballad/20235/citation,https://ebba.english.ucsb.edu/ballad/32457/citation
34008,35507,,0.1329201264969604,https://ebba.english.ucsb.edu/ballad/34008/citation,https://ebba.english.ucsb.edu/ballad/35507/citation
20655,20674,,0.13274283856661673,https://ebba.english.ucsb.edu/ballad/20655/citation,https://ebba.english.ucsb.edu/ballad/20674/citation
32878,34604,35,0.1327240977743819,https://ebba.english.ucsb.edu/ballad/32878/citation,https://ebba.english.ucsb.edu/ballad/34604/citation
30084,36309,,0.13269636095695606,https://ebba.english.ucsb.edu/ballad/30084/citation,https://ebba.english.ucsb.edu/ballad/36309/citation
30610,32868,,0.13264750030069364,https://ebba.english.ucsb.edu/ballad/30610/citation,https://ebba.english.ucsb.edu/ballad/32868/citation
22198,32019,18,0.13262241739761263,https://ebba.english.ucsb.edu/ballad/22198/citation,https://ebba.english.ucsb.edu/ballad/32019/citation
22198,34420,,0.13252490553111695,https://ebba.english.ucsb.edu/ballad/22198/citation,https://ebba.english.ucsb.edu/ballad/34420/citation
30049,30610,,0.13227283400877257,https://ebba.english.ucsb.edu/ballad/30049/citation,https://ebba.english.ucsb.edu/ballad/30610/citation
22198,32020,18,0.13225647658103587,https://ebba.english.ucsb.edu/ballad/22198/citation,https://ebba.english.ucsb.edu/ballad/32020/citation
30660,35138,,0.1322473784296254,https://ebba.english.ucsb.edu/ballad/30660/citation,https://ebba.english.ucsb.edu/ballad/35138/citation
22198,31268,18,0.13218552287766633,https://ebba.english.ucsb.edu/ballad/22198/citation,https://ebba.english.ucsb.edu/ballad/31268/citation
30660,34008,,0.1320487830867436,https://ebba.english.ucsb.edu/ballad/30660/citation,https://ebba.english.ucsb.edu/ballad/34008/citation
22198,35658,,0.13204566896811912,https://ebba.english.ucsb.edu/ballad/22198/citation,https://ebba.english.ucsb.edu/ballad/35658/citation
30660,32019,,0.13203307547509363,https://ebba.english.ucsb.edu/ballad/30660/citation,https://ebba.english.ucsb.edu/ballad/32019/citation
20265,31689,,0.132018738433891,https://ebba.english.ucsb.edu/ballad/20265/citation,https://ebba.english.ucsb.edu/ballad/31689/citation
30101,30326,,0.13201129298847677,https://ebba.english.ucsb.edu/ballad/30101/citation,https://ebba.english.ucsb.edu/ballad/30326/citation
30101,30408,,0.13200099194511894,https://ebba.english.ucsb.edu/ballad/30101/citation,https://ebba.english.ucsb.edu/ballad/30408/citation
20265,34400,,0.13196847946626952,https://ebba.english.ucsb.edu/ballad/20265/citation,https://ebba.english.ucsb.edu/ballad/34400/citation
20674,31654,,0.13191797587370402,https://ebba.english.ucsb.edu/ballad/20674/citation,https://ebba.english.ucsb.edu/ballad/31654/citation
20235,35138,,0.13174887131990035,https://ebba.english.ucsb.edu/ballad/20235/citation,https://ebba.english.ucsb.edu/ballad/35138/citation
30610,33906,,0.13158543707473996,https://ebba.english.ucsb.edu/ballad/30610/citation,https://ebba.english.ucsb.edu/ballad/33906/citation
31786,35138,,0.13156725487655185,https://ebba.english.ucsb.edu/ballad/31786/citation,https://ebba.english.ucsb.edu/ballad/35138/citation
20235,34008,,0.13155102458308965,https://ebba.english.ucsb.edu/ballad/20235/citation,https://ebba.english.ucsb.edu/ballad/34008/citation
20757,32020,,0.1315130729965069,https://ebba.english.ucsb.edu/ballad/20757/citation,https://ebba.english.ucsb.edu/ballad/32020/citation
31786,34008,,0.13136968087240525,https://ebba.english.ucsb.edu/ballad/31786/citation,https://ebba.english.ucsb.edu/ballad/34008/citation
21372,35507,,0.13113005242016543,https://ebba.english.ucsb.edu/ballad/21372/citation,https://ebba.english.ucsb.edu/ballad/35507/citation
20757,31268,,0.1310014225010629,https://ebba.english.ucsb.edu/ballad/20757/citation,https://ebba.english.ucsb.edu/ballad/31268/citation
30660,31268,,0.1309042897019645,https://ebba.english.ucsb.edu/ballad/30660/citation,https://ebba.english.ucsb.edu/ballad/31268/citation
30049,31654,,0.1307460170746157,https://ebba.english.ucsb.edu/ballad/30049/citation,https://ebba.english.ucsb.edu/ballad/31654/citation
30049,30326,42,0.13059924310564702,https://ebba.english.ucsb.edu/ballad/30049/citation,https://ebba.english.ucsb.edu/ballad/30326/citation
30408,32348,,0.13058909199727992,https://ebba.english.ucsb.edu/ballad/30408/citation,https://ebba.english.ucsb.edu/ballad/32348/citation
30613,31673,,0.13051076940326944,https://ebba.english.ucsb.edu/ballad/30613/citation,https://ebba.english.ucsb.edu/ballad/31673/citation
30049,32440,,0.13031742139851726,https://ebba.english.ucsb.edu/ballad/30049/citation,https://ebba.english.ucsb.edu/ballad/32440/citation
22198,31713,,0.13028809583545764,https://ebba.english.ucsb.edu/ballad/22198/citation,https://ebba.english.ucsb.edu/ballad/31713/citation
30660,32020,,0.13025809237820962,https://ebba.english.ucsb.edu/ballad/30660/citation,https://ebba.english.ucsb.edu/ballad/32020/citation
32020,32069,,0.13024120350717167,https://ebba.english.ucsb.edu/ballad/32020/citation,https://ebba.english.ucsb.edu/ballad/32069/citation
31268,32069,,0.13023877258638325,https://ebba.english.ucsb.edu/ballad/31268/citation,https://ebba.english.ucsb.edu/ballad/32069/citation
20660,22198,,0.13020524419157248,https://ebba.english.ucsb.edu/ballad/20660/citation,https://ebba.english.ucsb.edu/ballad/22198/citation
30101,30660,,0.13020235316500034,https://ebba.english.ucsb.edu/ballad/30101/citation,https://ebba.english.ucsb.edu/ballad/30660/citation
30389,34959,,0.12999318275660465,https://ebba.english.ucsb.edu/ballad/30389/citation,https://ebba.english.ucsb.edu/ballad/34959/citation
30389,32868,,0.1299060415265377,https://ebba.english.ucsb.edu/ballad/30389/citation,https://ebba.english.ucsb.edu/ballad/32868/citation
20655,20757,,0.1295230028431064,https://ebba.english.ucsb.edu/ballad/20655/citation,https://ebba.english.ucsb.edu/ballad/20757/citation
34959,35475,,0.1293156302984289,https://ebba.english.ucsb.edu/ballad/34959/citation,https://ebba.english.ucsb.edu/ballad/35475/citation
20278,30084,,0.12930115944764597,https://ebba.english.ucsb.edu/ballad/20278/citation,https://ebba.english.ucsb.edu/ballad/30084/citation
21372,31786,,0.12921688081918337,https://ebba.english.ucsb.edu/ballad/21372/citation,https://ebba.english.ucsb.edu/ballad/31786/citation
20235,20265,,0.1291806847498353,https://ebba.english.ucsb.edu/ballad/20235/citation,https://ebba.english.ucsb.edu/ballad/20265/citation
20278,36309,,0.12908418685293943,https://ebba.english.ucsb.edu/ballad/20278/citation,https://ebba.english.ucsb.edu/ballad/36309/citation
32019,34959,,0.1288972875872704,https://ebba.english.ucsb.edu/ballad/32019/citation,https://ebba.english.ucsb.edu/ballad/34959/citation
30613,32069,,0.128851759579187,https://ebba.english.ucsb.edu/ballad/30613/citation,https://ebba.english.ucsb.edu/ballad/32069/citation
20265,31786,,0.12873371016171456,https://ebba.english.ucsb.edu/ballad/20265/citation,https://ebba.english.ucsb.edu/ballad/31786/citation
32868,35475,,0.12872990809794363,https://ebba.english.ucsb.edu/ballad/32868/citation,https://ebba.english.ucsb.edu/ballad/35475/citation
20251,30389,,0.12872404415192443,https://ebba.english.ucsb.edu/ballad/20251/citation,https://ebba.english.ucsb.edu/ballad/30389/citation
22198,32998,,0.12865595085955034,https://ebba.english.ucsb.edu/ballad/22198/citation,https://ebba.english.ucsb.edu/ballad/32998/citation
31673,36309,,0.12863516044761653,https://ebba.english.ucsb.edu/ballad/31673/citation,https://ebba.english.ucsb.edu/ballad/36309/citation
30610,35507,,0.12862070731119096,https://ebba.english.ucsb.edu/ballad/30610/citation,https://ebba.english.ucsb.edu/ballad/35507/citation
21372,31713,,0.12837795735133148,https://ebba.english.ucsb.edu/ballad/21372/citation,https://ebba.english.ucsb.edu/ballad/31713/citation
32019,32868,,0.12832605403842887,https://ebba.english.ucsb.edu/ballad/32019/citation,https://ebba.english.ucsb.edu/ballad/32868/citation
30326,32020,,0.12826394134459754,https://ebba.english.ucsb.edu/ballad/30326/citation,https://ebba.english.ucsb.edu/ballad/32020/citation
30389,30408,,0.12824499911293116,https://ebba.english.ucsb.edu/ballad/30389/citation,https://ebba.english.ucsb.edu/ballad/30408/citation
21372,30049,,0.12818482052218297,https://ebba.english.ucsb.edu/ballad/21372/citation,https://ebba.english.ucsb.edu/ballad/30049/citation
30326,31268,,0.12816595390940536,https://ebba.english.ucsb.edu/ballad/30326/citation,https://ebba.english.ucsb.edu/ballad/31268/citation
30173,34400,32,0.12810803036048918,https://ebba.english.ucsb.edu/ballad/30173/citation,https://ebba.english.ucsb.edu/ballad/34400/citation
34400,34420,32,0.1280891094154471,https://ebba.english.ucsb.edu/ballad/34400/citation,https://ebba.english.ucsb.edu/ballad/34420/citation
20229,34400,,0.1279485403384223,https://ebba.english.ucsb.edu/ballad/20229/citation,https://ebba.english.ucsb.edu/ballad/34400/citation
30408,31268,,0.12793939301939494,https://ebba.english.ucsb.edu/ballad/30408/citation,https://ebba.english.ucsb.edu/ballad/31268/citation
30408,32020,,0.12793875797386586,https://ebba.english.ucsb.edu/ballad/30408/citation,https://ebba.english.ucsb.edu/ballad/32020/citation
20229,30408,,0.12785200924782134,https://ebba.english.ucsb.edu/ballad/20229/citation,https://ebba.english.ucsb.edu/ballad/30408/citation
20660,30326,42,0.1277953362186094,https://ebba.english.ucsb.edu/ballad/20660/citation,https://ebba.english.ucsb.edu/ballad/30326/citation
31268,34959,,0.12771535933247583,https://ebba.english.ucsb.edu/ballad/31268/citation,https://ebba.english.ucsb.edu/ballad/34959/citation
20229,32069,,0.1276542700726222,https://ebba.english.ucsb.edu/ballad/20229/citation,https://ebba.english.ucsb.edu/ballad/32069/citation
20278,30101,,0.12764354651511833,https://ebba.english.ucsb.edu/ballad/20278/citation,https://ebba.english.ucsb.edu/ballad/30101/citation
31713,35138,,0.1275234034321456,https://ebba.english.ucsb.edu/ballad/31713/citation,https://ebba.english.ucsb.edu/ballad/35138/citation
34400,35475,,0.1274324523128721,https://ebba.english.ucsb.edu/ballad/34400/citation,https://ebba.english.ucsb.edu/ballad/35475/citation
22198,35128,,0.12739856260819865,https://ebba.english.ucsb.edu/ballad/22198/citation,https://ebba.english.ucsb.edu/ballad/35128/citation
31713,34008,,0.12733190206303874,https://ebba.english.ucsb.edu/ballad/31713/citation,https://ebba.english.ucsb.edu/ballad/34008/citation
20229,32785,,0.12723450869662686,https://ebba.english.ucsb.edu/ballad/20229/citation,https://ebba.english.ucsb.edu/ballad/32785/citation
30389,31713,,0.12718563015192405,https://ebba.english.ucsb.edu/ballad/30389/citation,https://ebba.english.ucsb.edu/ballad/31713/citation
30389,32019,,0.12717553102327944,https://ebba.english.ucsb.edu/ballad/30389/citation,https://ebba.english.ucsb.edu/ballad/32019/citation
31268,32868,,0.1271275010370967,https://ebba.english.ucsb.edu/ballad/31268/citation,https://ebba.english.ucsb.edu/ballad/32868/citation
32069,35475,,0.12707964467360544,https://ebba.english.ucsb.edu/ballad/32069/citation,https://ebba.english.ucsb.edu/ballad/35475/citation
32020,34959,,0.12707803307665982,https://ebba.english.ucsb.edu/ballad/32020/citation,https://ebba.english.ucsb.edu/ballad/34959/citation
20235,32069,67,0.12701666222867,https://ebba.english.ucsb.edu/ballad/20235/citation,https://ebba.english.ucsb.edu/ballad/32069/citation
31673,34400,,0.12700945370409755,https://ebba.english.ucsb.edu/ballad/31673/citation,https://ebba.english.ucsb.edu/ballad/34400/citation
30326,32019,,0.12700786303974068,https://ebba.english.ucsb.edu/ballad/30326/citation,https://ebba.english.ucsb.edu/ballad/32019/citation
30660,35475,,0.12697456803972107,https://ebba.english.ucsb.edu/ballad/30660/citation,https://ebba.english.ucsb.edu/ballad/35475/citation
20265,30408,,0.1268113658779299,https://ebba.english.ucsb.edu/ballad/20265/citation,https://ebba.english.ucsb.edu/ballad/30408/citation
32069,33906,67,0.12678166828314674,https://ebba.english.ucsb.edu/ballad/32069/citation,https://ebba.english.ucsb.edu/ballad/33906/citation
30049,32019,,0.12672811584493654,https://ebba.english.ucsb.edu/ballad/30049/citation,https://ebba.english.ucsb.edu/ballad/32019/citation
31689,34400,,0.126609225023902,https://ebba.english.ucsb.edu/ballad/31689/citation,https://ebba.english.ucsb.edu/ballad/34400/citation
20674,32348,,0.12653103687861442,https://ebba.english.ucsb.edu/ballad/20674/citation,https://ebba.english.ucsb.edu/ballad/32348/citation
20278,22373,,0.12650213612267155,https://ebba.english.ucsb.edu/ballad/20278/citation,https://ebba.english.ucsb.edu/ballad/22373/citation
32020,32868,,0.1264912283157194,https://ebba.english.ucsb.edu/ballad/32020/citation,https://ebba.english.ucsb.edu/ballad/32868/citation
32785,34400,,0.12633376110114253,https://ebba.english.ucsb.edu/ballad/32785/citation,https://ebba.english.ucsb.edu/ballad/34400/citation
20265,33906,,0.12615510210516362,https://ebba.english.ucsb.edu/ballad/20265/citation,https://ebba.english.ucsb.edu/ballad/33906/citation
30049,31673,,0.12571357139673528,https://ebba.english.ucsb.edu/ballad/30049/citation,https://ebba.english.ucsb.edu/ballad/31673/citation
30389,30610,,0.12568382695159325,https://ebba.english.ucsb.edu/ballad/30389/citation,https://ebba.english.ucsb.edu/ballad/30610/citation
30049,32069,,0.12568231566048005,https://ebba.english.ucsb.edu/ballad/30049/citation,https://ebba.english.ucsb.edu/ballad/32069/citation
20674,30610,,0.12559884670076926,https://ebba.english.ucsb.edu/ballad/20674/citation,https://ebba.english.ucsb.edu/ballad/30610/citation
20251,32785,67,0.1255733475656076,https://ebba.english.ucsb.edu/ballad/20251/citation,https://ebba.english.ucsb.edu/ballad/32785/citation
30101,34400,,0.1254731402297863,https://ebba.english.ucsb.edu/ballad/30101/citation,https://ebba.english.ucsb.edu/ballad/34400/citation
20229,34959,,0.12544444133679142,https://ebba.english.ucsb.edu/ballad/20229/citation,https://ebba.english.ucsb.edu/ballad/34959/citation
20235,30049,,0.12540971425057876,https://ebba.english.ucsb.edu/ballad/20235/citation,https://ebba.english.ucsb.edu/ballad/30049/citation
32457,35507,,0.12510486885179387,https://ebba.english.ucsb.edu/ballad/32457/citation,https://ebba.english.ucsb.edu/ballad/35507/citation
30101,32785,,0.12506120701341567,https://ebba.english.ucsb.edu/ballad/30101/citation,https://ebba.english.ucsb.edu/ballad/32785/citation
20757,32457,,0.12502978038699716,https://ebba.english.ucsb.edu/ballad/20757/citation,https://ebba.english.ucsb.edu/ballad/32457/citation
30408,35475,,0.12500544568588456,https://ebba.english.ucsb.edu/ballad/30408/citation,https://ebba.english.ucsb.edu/ballad/35475/citation
20235,30408,67,0.1249058804148341,https://ebba.english.ucsb.edu/ballad/20235/citation,https://ebba.english.ucsb.edu/ballad/30408/citation
20229,32868,,0.12488769455439476,https://ebba.english.ucsb.edu/ballad/20229/citation,https://ebba.english.ucsb.edu/ballad/32868/citation
30101,34959,,0.12480751555843515,https://ebba.english.ucsb.edu/ballad/30101/citation,https://ebba.english.ucsb.edu/ballad/34959/citation
20235,31673,67,0.12476825561027505,https://ebba.english.ucsb.edu/ballad/20235/citation,https://ebba.english.ucsb.edu/ballad/31673/citation
30049,30660,42,0.12472227201211711,https://ebba.english.ucsb.edu/ballad/30049/citation,https://ebba.english.ucsb.edu/ballad/30660/citation
31786,32069,67,0.12463850675505629,https://ebba.english.ucsb.edu/ballad/31786/citation,https://ebba.english.ucsb.edu/ballad/32069/citation
20757,34420,,0.12458306123551442,https://ebba.english.ucsb.edu/ballad/20757/citation,https://ebba.english.ucsb.edu/ballad/34420/citation
20278,31268,,0.1245539639854603,https://ebba.english.ucsb.edu/ballad/20278/citation,https://ebba.english.ucsb.edu/ballad/31268/citation
20674,21372,,0.12452504738413923,https://ebba.english.ucsb.edu/ballad/20674/citation,https://ebba.english.ucsb.edu/ballad/21372/citation
20278,32020,,0.12439864444033336,https://ebba.english.ucsb.edu/ballad/20278/citation,https://ebba.english.ucsb.edu/ballad/32020/citation
20655,32019,18,0.1243875390660768,https://ebba.english.ucsb.edu/ballad/20655/citation,https://ebba.english.ucsb.edu/ballad/32019/citation
34420,35658,,0.12437086446520665,https://ebba.english.ucsb.edu/ballad/34420/citation,https://ebba.english.ucsb.edu/ballad/35658/citation
31689,32019,,0.12430870607566916,https://ebba.english.ucsb.edu/ballad/31689/citation,https://ebba.english.ucsb.edu/ballad/32019/citation
30101,32868,,0.12424536149059605,https://ebba.english.ucsb.edu/ballad/30101/citation,https://ebba.english.ucsb.edu/ballad/32868/citation
20265,20757,,0.12423263696174613,https://ebba.english.ucsb.edu/ballad/20265/citation,https://ebba.english.ucsb.edu/ballad/20757/citation
32785,35475,,0.12423160350770088,https://ebba.english.ucsb.edu/ballad/32785/citation,https://ebba.english.ucsb.edu/ballad/35475/citation
30660,32457,,0.12418331584129223,https://ebba.english.ucsb.edu/ballad/30660/citation,https://ebba.english.ucsb.edu/ballad/32457/citation
20660,31713,,0.12408190653201186,https://ebba.english.ucsb.edu/ballad/20660/citation,https://ebba.english.ucsb.edu/ballad/31713/citation
20278,35475,,0.12402239382900708,https://ebba.english.ucsb.edu/ballad/20278/citation,https://ebba.english.ucsb.edu/ballad/35475/citation
20235,31689,67,0.12400488553058847,https://ebba.english.ucsb.edu/ballad/20235/citation,https://ebba.english.ucsb.edu/ballad/31689/citation
20674,32998,42,0.12389037664828968,https://ebba.english.ucsb.edu/ballad/20674/citation,https://ebba.english.ucsb.edu/ballad/32998/citation
30084,32785,,0.12385492152406907,https://ebba.english.ucsb.edu/ballad/30084/citation,https://ebba.english.ucsb.edu/ballad/32785/citation
30101,31689,,0.12373827764778453,https://ebba.english.ucsb.edu/ballad/30101/citation,https://ebba.english.ucsb.edu/ballad/31689/citation
31268,32785,,0.12372209302393421,https://ebba.english.ucsb.edu/ballad/31268/citation,https://ebba.english.ucsb.edu/ballad/32785/citation
32019,32785,,0.12367241866941146,https://ebba.english.ucsb.edu/ballad/32019/citation,https://ebba.english.ucsb.edu/ballad/32785/citation
20674,35138,,0.12360647712566446,https://ebba.english.ucsb.edu/ballad/20674/citation,https://ebba.english.ucsb.edu/ballad/35138/citation
20757,30326,42,0.1236032744259058,https://ebba.english.ucsb.edu/ballad/20757/citation,https://ebba.english.ucsb.edu/ballad/30326/citation
31713,32785,67,0.12359927888580939,https://ebba.english.ucsb.edu/ballad/31713/citation,https://ebba.english.ucsb.edu/ballad/32785/citation
32020,32785,,0.12356781082691896,https://ebba.english.ucsb.edu/ballad/32020/citation,https://ebba.english.ucsb.edu/ballad/32785/citation
20674,34008,,0.12342085778864101,https://ebba.english.ucsb.edu/ballad/20674/citation,https://ebba.english.ucsb.edu/ballad/34008/citation
20229,30660,,0.12325748767390651,https://ebba.english.ucsb.edu/ballad/20229/citation,https://ebba.english.ucsb.edu/ballad/30660/citation
31654,32348,,0.12315647427893323,https://ebba.english.ucsb.edu/ballad/31654/citation,https://ebba.english.ucsb.edu/ballad/32348/citation
20251,20660,,0.12296378392847682,https://ebba.english.ucsb.edu/ballad/20251/citation,https://ebba.english.ucsb.edu/ballad/20660/citation
30101,30389,,0.12294113835001996,https://ebba.english.ucsb.edu/ballad/30101/citation,https://ebba.english.ucsb.edu/ballad/30389/citation
20229,30389,,0.12293717600605131,https://ebba.english.ucsb.edu/ballad/20229/citation,https://ebba.english.ucsb.edu/ballad/30389/citation
34420,35128,,0.1229093701231865,https://ebba.english.ucsb.edu/ballad/34420/citation,https://ebba.english.ucsb.edu/ballad/35128/citation
30326,30610,,0.12290054627708814,https://ebba.english.ucsb.edu/ballad/30326/citation,https://ebba.english.ucsb.edu/ballad/30610/citation
32998,34420,,0.12285797992605618,https://ebba.english.ucsb.edu/ballad/32998/citation,https://ebba.english.ucsb.edu/ballad/34420/citation
30408,31786,67,0.12254952580882293,https://ebba.english.ucsb.edu/ballad/30408/citation,https://ebba.english.ucsb.edu/ballad/31786/citation
20674,35128,42,0.12248302576958768,https://ebba.english.ucsb.edu/ballad/20674/citation,https://ebba.english.ucsb.edu/ballad/35128/citation
31673,31786,67,0.12246280582092643,https://ebba.english.ucsb.edu/ballad/31673/citation,https://ebba.english.ucsb.edu/ballad/31786/citation
20674,35658,42,0.12241998356513384,https://ebba.english.ucsb.edu/ballad/20674/citation,https://ebba.english.ucsb.edu/ballad/35658/citation
31673,32019,,0.12222572577398604,https://ebba.english.ucsb.edu/ballad/31673/citation,https://ebba.english.ucsb.edu/ballad/32019/citation
32020,34400,,0.1222082471760456,https://ebba.english.ucsb.edu/ballad/32020/citation,https://ebba.english.ucsb.edu/ballad/34400/citation
31673,32457,,0.12199294064890451,https://ebba.english.ucsb.edu/ballad/31673/citation,https://ebba.english.ucsb.edu/ballad/32457/citation
30613,30660,42,0.12197364551398475,https://ebba.english.ucsb.edu/ballad/30613/citation,https://ebba.english.ucsb.edu/ballad/30660/citation
30049,30729,42,0.12182465142957925,https://ebba.english.ucsb.edu/ballad/30049/citation,https://ebba.english.ucsb.edu/ballad/30729/citation
31268,34400,,0.12176370488099836,https://ebba.english.ucsb.edu/ballad/31268/citation,https://ebba.english.ucsb.edu/ballad/34400/citation
31689,31786,67,0.12170327200159277,https://ebba.english.ucsb.edu/ballad/31689/citation,https://ebba.english.ucsb.edu/ballad/31786/citation
30408,30729,,0.1216946527725733,https://ebba.english.ucsb.edu/ballad/30408/citation,https://ebba.english.ucsb.edu/ballad/30729/citation
30101,31673,,0.12168355772329197,https://ebba.english.ucsb.edu/ballad/30101/citation,https://ebba.english.ucsb.edu/ballad/31673/citation
31689,32457,,0.12164174644106741,https://ebba.english.ucsb.edu/ballad/31689/citation,https://ebba.english.ucsb.edu/ballad/32457/citation
20265,30610,18,0.12159385282090869,https://ebba.english.ucsb.edu/ballad/20265/citation,https://ebba.english.ucsb.edu/ballad/30610/citation
21372,30326,,0.12158687149539664,https://ebba.english.ucsb.edu/ballad/21372/citation,https://ebba.english.ucsb.edu/ballad/30326/citation
30408,33906,67,0.12149870056685426,https://ebba.english.ucsb.edu/ballad/30408/citation,https://ebba.english.ucsb.edu/ballad/33906/citation
20757,30049,42,0.12149717623612166,https://ebba.english.ucsb.edu/ballad/20757/citation,https://ebba.english.ucsb.edu/ballad/30049/citation
30408,35507,67,0.12134963138179142,https://ebba.english.ucsb.edu/ballad/30408/citation,https://ebba.english.ucsb.edu/ballad/35507/citation
20655,30101,18,0.12133100129700675,https://ebba.english.ucsb.edu/ballad/20655/citation,https://ebba.english.ucsb.edu/ballad/30101/citation
31673,33906,67,0.1212545033128315,https://ebba.english.ucsb.edu/ballad/31673/citation,https://ebba.english.ucsb.edu/ballad/33906/citation
22198,31654,18,0.1212147316868398,https://ebba.english.ucsb.edu/ballad/22198/citation,https://ebba.english.ucsb.edu/ballad/31654/citation
20757,34400,,0.121036585162471,https://ebba.english.ucsb.edu/ballad/20757/citation,https://ebba.english.ucsb.edu/ballad/34400/citation
21372,34400,,0.12102994531938115,https://ebba.english.ucsb.edu/ballad/21372/citation,https://ebba.english.ucsb.edu/ballad/34400/citation
20229,20655,18,0.12096284719460935,https://ebba.english.ucsb.edu/ballad/20229/citation,https://ebba.english.ucsb.edu/ballad/20655/citation
30326,35138,,0.12095097973568826,https://ebba.english.ucsb.edu/ballad/30326/citation,https://ebba.english.ucsb.edu/ballad/35138/citation
20741,30660,,0.12081978256489449,https://ebba.english.ucsb.edu/ballad/20741/citation,https://ebba.english.ucsb.edu/ballad/30660/citation
30326,34008,,0.12076934814814579,https://ebba.english.ucsb.edu/ballad/30326/citation,https://ebba.english.ucsb.edu/ballad/34008/citation
30613,34959,42,0.12073752741877068,https://ebba.english.ucsb.edu/ballad/30613/citation,https://ebba.english.ucsb.edu/ballad/34959/citation
32069,35507,67,0.1206281579668907,https://ebba.english.ucsb.edu/ballad/32069/citation,https://ebba.english.ucsb.edu/ballad/35507/citation
31673,35507,67,0.12060316909980973,https://ebba.english.ucsb.edu/ballad/31673/citation,https://ebba.english.ucsb.edu/ballad/35507/citation
30389,35475,,0.12060013201018438,https://ebba.english.ucsb.edu/ballad/30389/citation,https://ebba.english.ucsb.edu/ballad/35475/citation
20265,35507,,0.12057598223898744,https://ebba.english.ucsb.edu/ballad/20265/citation,https://ebba.english.ucsb.edu/ballad/35507/citation
30389,31268,,0.12054627671900545,https://ebba.english.ucsb.edu/ballad/30389/citation,https://ebba.english.ucsb.edu/ballad/31268/citation
30049,31786,,0.12052661973732527,https://ebba.english.ucsb.edu/ballad/30049/citation,https://ebba.english.ucsb.edu/ballad/31786/citation
30389,32020,,0.12039595478409752,https://ebba.english.ucsb.edu/ballad/30389/citation,https://ebba.english.ucsb.edu/ballad/32020/citation
32019,36309,,0.12037389582322951,https://ebba.english.ucsb.edu/ballad/32019/citation,https://ebba.english.ucsb.edu/ballad/36309/citation
30049,34959,42,0.12014109268186539,https://ebba.english.ucsb.edu/ballad/30049/citation,https://ebba.english.ucsb.edu/ballad/34959/citation
30389,35138,,0.12004720537122958,https://ebba.english.ucsb.edu/ballad/30389/citation,https://ebba.english.ucsb.edu/ballad/35138/citation
30389,31673,,0.12003738063179889,https://ebba.english.ucsb.edu/ballad/30389/citation,https://ebba.english.ucsb.edu/ballad/31673/citation
30613,32868,42,0.12002615800189066,https://ebba.english.ucsb.edu/ballad/30613/citation,https://ebba.english.ucsb.edu/ballad/32868/citation
30049,30408,,0.11994142209628818,https://ebba.english.ucsb.edu/ballad/30049/citation,https://ebba.english.ucsb.edu/ballad/30408/citation
30389,34008,,0.1198669309779236,https://ebba.english.ucsb.edu/ballad/30389/citation,https://ebba.english.ucsb.edu/ballad/34008/citation
31689,35507,67,0.1198525616922868,https://ebba.english.ucsb.edu/ballad/31689/citation,https://ebba.english.ucsb.edu/ballad/35507/citation
31689,33906,67,0.11961647911185491,https://ebba.english.ucsb.edu/ballad/31689/citation,https://ebba.english.ucsb.edu/ballad/33906/citation
30084,31689,,0.11952721681398425,https://ebba.english.ucsb.edu/ballad/30084/citation,https://ebba.english.ucsb.edu/ballad/31689/citation
30084,32069,,0.11947956099971198,https://ebba.english.ucsb.edu/ballad/30084/citation,https://ebba.english.ucsb.edu/ballad/32069/citation
20229,20278,,0.1193750817665907,https://ebba.english.ucsb.edu/ballad/20229/citation,https://ebba.english.ucsb.edu/ballad/20278/citation
30049,31689,,0.11926833300058054,https://ebba.english.ucsb.edu/ballad/30049/citation,https://ebba.english.ucsb.edu/ballad/31689/citation
30049,32868,42,0.11925942155947948,https://ebba.english.ucsb.edu/ballad/30049/citation,https://ebba.english.ucsb.edu/ballad/32868/citation
20278,32019,,0.11924877296326282,https://ebba.english.ucsb.edu/ballad/20278/citation,https://ebba.english.ucsb.edu/ballad/32019/citation
20757,30408,,0.11913643496660711,https://ebba.english.ucsb.edu/ballad/20757/citation,https://ebba.english.ucsb.edu/ballad/30408/citation
32457,32785,,0.11897898771627505,https://ebba.english.ucsb.edu/ballad/32457/citation,https://ebba.english.ucsb.edu/ballad/32785/citation
20251,20741,,0.11890561684253424,https://ebba.english.ucsb.edu/ballad/20251/citation,https://ebba.english.ucsb.edu/ballad/20741/citation
20674,30613,42,0.11887058503744799,https://ebba.english.ucsb.edu/ballad/20674/citation,https://ebba.english.ucsb.edu/ballad/30613/citation
20278,31713,67,0.11882320169670797,https://ebba.english.ucsb.edu/ballad/20278/citation,https://ebba.english.ucsb.edu/ballad/31713/citation
30049,35138,,0.11881731713624766,https://ebba.english.ucsb.edu/ballad/30049/citation,https://ebba.english.ucsb.edu/ballad/35138/citation
31689,32020,,0.11873673422762512,https://ebba.english.ucsb.edu/ballad/31689/citation,https://ebba.english.ucsb.edu/ballad/32020/citation
31268,31689,,0.11872996031357637,https://ebba.english.ucsb.edu/ballad/31268/citation,https://ebba.english.ucsb.edu/ballad/31689/citation
30729,33906,,0.1186992772220905,https://ebba.english.ucsb.edu/ballad/30729/citation,https://ebba.english.ucsb.edu/ballad/33906/citation
30084,31673,,0.11866935084013266,https://ebba.english.ucsb.edu/ballad/30084/citation,https://ebba.english.ucsb.edu/ballad/31673/citation
30049,34008,,0.11863888966103288,https://ebba.english.ucsb.edu/ballad/30049/citation,https://ebba.english.ucsb.edu/ballad/34008/citation
30729,34108,,0.1185505960580326,https://ebba.english.ucsb.edu/ballad/30729/citation,https://ebba.english.ucsb.edu/ballad/34108/citation
31713,34400,,0.11851550542405909,https://ebba.english.ucsb.edu/ballad/31713/citation,https://ebba.english.ucsb.edu/ballad/34400/citation
32019,34400,,0.11845987950466307,https://ebba.english.ucsb.edu/ballad/32019/citation,https://ebba.english.ucsb.edu/ballad/34400/citation
20655,22198,18,0.11812911905109515,https://ebba.english.ucsb.edu/ballad/20655/citation,https://ebba.english.ucsb.edu/ballad/22198/citation
20265,34420,,0.11810592139726003,https://ebba.english.ucsb.edu/ballad/20265/citation,https://ebba.english.ucsb.edu/ballad/34420/citation
20251,20278,67,0.11806916576844356,https://ebba.english.ucsb.edu/ballad/20251/citation,https://ebba.english.ucsb.edu/ballad/20278/citation
31689,36309,,0.11805964373897457,https://ebba.english.ucsb.edu/ballad/31689/citation,https://ebba.english.ucsb.edu/ballad/36309/citation
20265,30049,,0.11805284312503163,https://ebba.english.ucsb.edu/ballad/20265/citation,https://ebba.english.ucsb.edu/ballad/30049/citation
20265,20655,18,0.11804849806390036,https://ebba.english.ucsb.edu/ballad/20265/citation,https://ebba.english.ucsb.edu/ballad/20655/citation
30389,32069,,0.11798631208545156,https://ebba.english.ucsb.edu/ballad/30389/citation,https://ebba.english.ucsb.edu/ballad/32069/citation
20741,34959,,0.11793269466433995,https://ebba.english.ucsb.edu/ballad/20741/citation,https://ebba.english.ucsb.edu/ballad/34959/citation
32440,32457,,0.11789138094461202,https://ebba.english.ucsb.edu/ballad/32440/citation,https://ebba.english.ucsb.edu/ballad/32457/citation
20741,32868,,0.11785363821029964,https://ebba.english.ucsb.edu/ballad/20741/citation,https://ebba.english.ucsb.edu/ballad/32868/citation
30049,30101,,0.11775744401153235,https://ebba.english.ucsb.edu/ballad/30049/citation,https://ebba.english.ucsb.edu/ballad/30101/citation
22198,32348,,0.1176359913114032,https://ebba.english.ucsb.edu/ballad/22198/citation,https://ebba.english.ucsb.edu/ballad/32348/citation
20279,34400,,0.11755841282075838,https://ebba.english.ucsb.edu/ballad/20279/citation,https://ebba.english.ucsb.edu/ballad/34400/citation
32069,36309,,0.11742654297650228,https://ebba.english.ucsb.edu/ballad/32069/citation,https://ebba.english.ucsb.edu/ballad/36309/citation
30326,32348,,0.1173161867557156,https://ebba.english.ucsb.edu/ballad/30326/citation,https://ebba.english.ucsb.edu/ballad/32348/citation
20235,32440,67,0.11723497152770794,https://ebba.english.ucsb.edu/ballad/20235/citation,https://ebba.english.ucsb.edu/ballad/32440/citation
30101,36309,,0.11706102584520957,https://ebba.english.ucsb.edu/ballad/30101/citation,https://ebba.english.ucsb.edu/ballad/36309/citation
20251,34420,,0.11703976236820263,https://ebba.english.ucsb.edu/ballad/20251/citation,https://ebba.english.ucsb.edu/ballad/34420/citation
32457,34959,,0.11698445166073734,https://ebba.english.ucsb.edu/ballad/32457/citation,https://ebba.english.ucsb.edu/ballad/34959/citation
20655,31268,18,0.11687194104228235,https://ebba.english.ucsb.edu/ballad/20655/citation,https://ebba.english.ucsb.edu/ballad/31268/citation
32020,36309,,0.11682145056341857,https://ebba.english.ucsb.edu/ballad/32020/citation,https://ebba.english.ucsb.edu/ballad/36309/citation
20655,32020,18,0.11672620102614835,https://ebba.english.ucsb.edu/ballad/20655/citation,https://ebba.english.ucsb.edu/ballad/32020/citation
20229,31689,,0.11663818692739139,https://ebba.english.ucsb.edu/ballad/20229/citation,https://ebba.english.ucsb.edu/ballad/31689/citation
20265,30173,,0.11661659667387056,https://ebba.english.ucsb.edu/ballad/20265/citation,https://ebba.english.ucsb.edu/ballad/30173/citation
30101,32440,,0.11658768005193791,https://ebba.english.ucsb.edu/ballad/30101/citation,https://ebba.english.ucsb.edu/ballad/32440/citation
31673,32020,,0.11657196236158061,https://ebba.english.ucsb.edu/ballad/31673/citation,https://ebba.english.ucsb.edu/ballad/32020/citation
31268,31673,,0.11656233408927665,https://ebba.english.ucsb.edu/ballad/31268/citation,https://ebba.english.ucsb.edu/ballad/31673/citation
20229,30326,,0.1165602297804986,https://ebba.english.ucsb.edu/ballad/20229/citation,https://ebba.english.ucsb.edu/ballad/30326/citation
22373,34605,35,0.11655828763951413,https://ebba.english.ucsb.edu/ballad/22373/citation,https://ebba.english.ucsb.edu/ballad/34605/citation
32019,32348,,0.11652705383320218,https://ebba.english.ucsb.edu/ballad/32019/citation,https://ebba.english.ucsb.edu/ballad/32348/citation
31268,36309,,0.11647959355401406,https://ebba.english.ucsb.edu/ballad/31268/citation,https://ebba.english.ucsb.edu/ballad/36309/citation
32785,34420,,0.11638338762058488,https://ebba.english.ucsb.edu/ballad/32785/citation,https://ebba.english.ucsb.edu/ballad/34420/citation
21372,30389,,0.11627940168110935,https://ebba.english.ucsb.edu/ballad/21372/citation,https://ebba.english.ucsb.edu/ballad/30389/citation
32440,34400,,0.11627096173414526,https://ebba.english.ucsb.edu/ballad/32440/citation,https://ebba.english.ucsb.edu/ballad/34400/citation
20251,34400,,0.11616949191860139,https://ebba.english.ucsb.edu/ballad/20251/citation,https://ebba.english.ucsb.edu/ballad/34400/citation
32457,32868,,0.11610772371430532,https://ebba.english.ucsb.edu/ballad/32457/citation,https://ebba.english.ucsb.edu/ballad/32868/citation
31689,35475,,0.11595867665797963,https://ebba.english.ucsb.edu/ballad/31689/citation,https://ebba.english.ucsb.edu/ballad/35475/citation
20251,20674,,0.11590702652718678,https://ebba.english.ucsb.edu/ballad/20251/citation,https://ebba.english.ucsb.edu/ballad/20674/citation
20674,30049,42,0.11580415406813788,https://ebba.english.ucsb.edu/ballad/20674/citation,https://ebba.english.ucsb.edu/ballad/30049/citation
20229,30049,,0.11566602290273496,https://ebba.english.ucsb.edu/ballad/20229/citation,https://ebba.english.ucsb.edu/ballad/30049/citation
20229,35658,,0.11560853750423378,https://ebba.english.ucsb.edu/ballad/20229/citation,https://ebba.english.ucsb.edu/ballad/35658/citation
21372,35658,,0.11558877911525402,https://ebba.english.ucsb.edu/ballad/21372/citation,https://ebba.english.ucsb.edu/ballad/35658/citation
30389,31689,,0.1154983142747302,https://ebba.english.ucsb.edu/ballad/30389/citation,https://ebba.english.ucsb.edu/ballad/31689/citation
30326,35475,,0.11549267196400867,https://ebba.english.ucsb.edu/ballad/30326/citation,https://ebba.english.ucsb.edu/ballad/35475/citation
30101,34108,,0.11533150825389002,https://ebba.english.ucsb.edu/ballad/30101/citation,https://ebba.english.ucsb.edu/ballad/34108/citation
20279,33906,67,0.11527732438175833,https://ebba.english.ucsb.edu/ballad/20279/citation,https://ebba.english.ucsb.edu/ballad/33906/citation
35138,35658,,0.11514505908479926,https://ebba.english.ucsb.edu/ballad/35138/citation,https://ebba.english.ucsb.edu/ballad/35658/citation
30389,31786,,0.11511493636141294,https://ebba.english.ucsb.edu/ballad/30389/citation,https://ebba.english.ucsb.edu/ballad/31786/citation
20265,21372,18,0.11507120453023527,https://ebba.english.ucsb.edu/ballad/20265/citation,https://ebba.english.ucsb.edu/ballad/21372/citation
30101,35658,,0.11505045721153312,https://ebba.english.ucsb.edu/ballad/30101/citation,https://ebba.english.ucsb.edu/ballad/35658/citation
34008,35658,,0.11497214622435822,https://ebba.english.ucsb.edu/ballad/34008/citation,https://ebba.english.ucsb.edu/ballad/35658/citation
31786,32440,67,0.11495135903118295,https://ebba.english.ucsb.edu/ballad/31786/citation,https://ebba.english.ucsb.edu/ballad/32440/citation
22198,36309,,0.11493681548183696,https://ebba.english.ucsb.edu/ballad/22198/citation,https://ebba.english.ucsb.edu/ballad/36309/citation
32019,32440,,0.11492850387126295,https://ebba.english.ucsb.edu/ballad/32019/citation,https://ebba.english.ucsb.edu/ballad/32440/citation
20655,35475,18,0.11482828798069433,https://ebba.english.ucsb.edu/ballad/20655/citation,https://ebba.english.ucsb.edu/ballad/35475/citation
31631,34400,32,0.11473469277116911,https://ebba.english.ucsb.edu/ballad/31631/citation,https://ebba.english.ucsb.edu/ballad/34400/citation
30729,34400,,0.11472757164408694,https://ebba.english.ucsb.edu/ballad/30729/citation,https://ebba.english.ucsb.edu/ballad/34400/citation
20265,22198,18,0.11471666549950126,https://ebba.english.ucsb.edu/ballad/20265/citation,https://ebba.english.ucsb.edu/ballad/22198/citation
34400,34959,,0.11461244748106277,https://ebba.english.ucsb.edu/ballad/34400/citation,https://ebba.english.ucsb.edu/ballad/34959/citation
20229,31673,,0.11460305596145524,https://ebba.english.ucsb.edu/ballad/20229/citation,https://ebba.english.ucsb.edu/ballad/31673/citation
30729,31673,,0.11455086244390904,https://ebba.english.ucsb.edu/ballad/30729/citation,https://ebba.english.ucsb.edu/ballad/31673/citation
32868,34400,,0.11453561676238437,https://ebba.english.ucsb.edu/ballad/32868/citation,https://ebba.english.ucsb.edu/ballad/34400/citation
20229,35128,,0.1145155581295923,https://ebba.english.ucsb.edu/ballad/20229/citation,https://ebba.english.ucsb.edu/ballad/35128/citation
20674,30326,42,0.11451515452672081,https://ebba.english.ucsb.edu/ballad/20674/citation,https://ebba.english.ucsb.edu/ballad/30326/citation
31654,32019,18,0.1143027997358285,https://ebba.english.ucsb.edu/ballad/31654/citation,https://ebba.english.ucsb.edu/ballad/32019/citation
21372,35128,,0.11423048392767637,https://ebba.english.ucsb.edu/ballad/21372/citation,https://ebba.english.ucsb.edu/ballad/35128/citation
20229,32998,,0.11420224054122687,https://ebba.english.ucsb.edu/ballad/20229/citation,https://ebba.english.ucsb.edu/ballad/32998/citation
21372,32998,,0.11418272249922347,https://ebba.english.ucsb.edu/ballad/21372/citation,https://ebba.english.ucsb.edu/ballad/32998/citation
20229,36309,,0.11412364798043034,https://ebba.english.ucsb.edu/ballad/20229/citation,https://ebba.english.ucsb.edu/ballad/36309/citation
32019,35658,,0.11400541518397404,https://ebba.english.ucsb.edu/ballad/32019/citation,https://ebba.english.ucsb.edu/ballad/35658/citation
30101,35128,,0.11396731370526188,https://ebba.english.ucsb.edu/ballad/30101/citation,https://ebba.english.ucsb.edu/ballad/35128/citation
30232,34400,32,0.11379210122972626,https://ebba.english.ucsb.edu/ballad/30232/citation,https://ebba.english.ucsb.edu/ballad/34400/citation
35128,35138,,0.11379197809523121,https://ebba.english.ucsb.edu/ballad/35128/citation,https://ebba.english.ucsb.edu/ballad/35138/citation
30729,31689,,0.11378376267085231,https://ebba.english.ucsb.edu/ballad/30729/citation,https://ebba.english.ucsb.edu/ballad/31689/citation
30389,35507,,0.11376144970331514,https://ebba.english.ucsb.edu/ballad/30389/citation,https://ebba.english.ucsb.edu/ballad/35507/citation
31673,35475,,0.113753339606455,https://ebba.english.ucsb.edu/ballad/31673/citation,https://ebba.english.ucsb.edu/ballad/35475/citation
32998,35138,,0.11374440001245117,https://ebba.english.ucsb.edu/ballad/32998/citation,https://ebba.english.ucsb.edu/ballad/35138/citation
35475,35658,,0.11365637433883478,https://ebba.english.ucsb.edu/ballad/35475/citation,https://ebba.english.ucsb.edu/ballad/35658/citation
30101,32998,,0.11365094890477671,https://ebba.english.ucsb.edu/ballad/30101/citation,https://ebba.english.ucsb.edu/ballad/32998/citation
34008,35128,,0.11362109715093298,https://ebba.english.ucsb.edu/ballad/34008/citation,https://ebba.english.ucsb.edu/ballad/35128/citation
32998,34008,,0.11357359051596366,https://ebba.english.ucsb.edu/ballad/32998/citation,https://ebba.english.ucsb.edu/ballad/34008/citation
35475,36309,,0.11351985175384242,https://ebba.english.ucsb.edu/ballad/35475/citation,https://ebba.english.ucsb.edu/ballad/36309/citation
20757,32069,,0.11342306733865935,https://ebba.english.ucsb.edu/ballad/20757/citation,https://ebba.english.ucsb.edu/ballad/32069/citation
30326,34420,,0.11325512027095722,https://ebba.english.ucsb.edu/ballad/30326/citation,https://ebba.english.ucsb.edu/ballad/34420/citation
20674,32785,,0.11318204595115121,https://ebba.english.ucsb.edu/ballad/20674/citation,https://ebba.english.ucsb.edu/ballad/32785/citation
32440,33906,67,0.11317584090581184,https://ebba.english.ucsb.edu/ballad/32440/citation,https://ebba.english.ucsb.edu/ballad/33906/citation
30613,34420,,0.11308165878412678,https://ebba.english.ucsb.edu/ballad/30613/citation,https://ebba.english.ucsb.edu/ballad/34420/citation
30660,34400,,0.11308100407331706,https://ebba.english.ucsb.edu/ballad/30660/citation,https://ebba.english.ucsb.edu/ballad/34400/citation
30101,32348,,0.11303316440581475,https://ebba.english.ucsb.edu/ballad/30101/citation,https://ebba.english.ucsb.edu/ballad/32348/citation
20235,30389,,0.11302287195017038,https://ebba.english.ucsb.edu/ballad/20235/citation,https://ebba.english.ucsb.edu/ballad/30389/citation
32019,35128,,0.11293811283935656,https://ebba.english.ucsb.edu/ballad/32019/citation,https://ebba.english.ucsb.edu/ballad/35128/citation
20265,35138,18,0.11287247542179173,https://ebba.english.ucsb.edu/ballad/20265/citation,https://ebba.english.ucsb.edu/ballad/35138/citation
32348,35475,,0.1127767044920456,https://ebba.english.ucsb.edu/ballad/32348/citation,https://ebba.english.ucsb.edu/ballad/35475/citation
20757,35658,42,0.1127148341157797,https://ebba.english.ucsb.edu/ballad/20757/citation,https://ebba.english.ucsb.edu/ballad/35658/citation
20265,34008,18,0.1127029752908667,https://ebba.english.ucsb.edu/ballad/20265/citation,https://ebba.english.ucsb.edu/ballad/34008/citation
32019,32998,,0.11261861908222687,https://ebba.english.ucsb.edu/ballad/32019/citation,https://ebba.english.ucsb.edu/ballad/32998/citation
35128,35475,,0.11260115609904447,https://ebba.english.ucsb.edu/ballad/35128/citation,https://ebba.english.ucsb.edu/ballad/35475/citation
32020,32348,,0.11250377164096682,https://ebba.english.ucsb.edu/ballad/32020/citation,https://ebba.english.ucsb.edu/ballad/32348/citation
20757,22198,,0.11248791063449741,https://ebba.english.ucsb.edu/ballad/20757/citation,https://ebba.english.ucsb.edu/ballad/22198/citation
22198,32069,,0.11244637739975191,https://ebba.english.ucsb.edu/ballad/22198/citation,https://ebba.english.ucsb.edu/ballad/32069/citation
30326,31713,,0.11243880903963989,https://ebba.english.ucsb.edu/ballad/30326/citation,https://ebba.english.ucsb.edu/ballad/31713/citation
31268,32348,,0.11242404479283766,https://ebba.english.ucsb.edu/ballad/31268/citation,https://ebba.english.ucsb.edu/ballad/32348/citation
20741,31713,,0.11240850393102955,https://ebba.english.ucsb.edu/ballad/20741/citation,https://ebba.english.ucsb.edu/ballad/31713/citation
32019,34108,,0.11240120057017901,https://ebba.english.ucsb.edu/ballad/32019/citation,https://ebba.english.ucsb.edu/ballad/34108/citation
20655,30049,,0.11235748074337493,https://ebba.english.ucsb.edu/ballad/20655/citation,https://ebba.english.ucsb.edu/ballad/30049/citation
30049,35475,,0.11231646097170826,https://ebba.english.ucsb.edu/ballad/30049/citation,https://ebba.english.ucsb.edu/ballad/35475/citation
32998,35475,,0.11227382407473158,https://ebba.english.ucsb.edu/ballad/32998/citation,https://ebba.english.ucsb.edu/ballad/35475/citation
20660,33906,,0.11222246331164164,https://ebba.english.ucsb.edu/ballad/20660/citation,https://ebba.english.ucsb.edu/ballad/33906/citation
30049,32020,,0.11215606546699936,https://ebba.english.ucsb.edu/ballad/30049/citation,https://ebba.english.ucsb.edu/ballad/32020/citation
20655,34959,,0.11207733539504958,https://ebba.english.ucsb.edu/ballad/20655/citation,https://ebba.english.ucsb.edu/ballad/34959/citation
30049,35658,42,0.11205353838090701,https://ebba.english.ucsb.edu/ballad/30049/citation,https://ebba.english.ucsb.edu/ballad/35658/citation
30613,32440,,0.11201253178096272,https://ebba.english.ucsb.edu/ballad/30613/citation,https://ebba.english.ucsb.edu/ballad/32440/citation
20278,20757,,0.11197152151605169,https://ebba.english.ucsb.edu/ballad/20278/citation,https://ebba.english.ucsb.edu/ballad/20757/citation
32020,32440,,0.11192973110023073,https://ebba.english.ucsb.edu/ballad/32020/citation,https://ebba.english.ucsb.edu/ballad/32440/citation
30084,32457,,0.11192675892833769,https://ebba.english.ucsb.edu/ballad/30084/citation,https://ebba.english.ucsb.edu/ballad/32457/citation
31268,32440,,0.11191455702748403,https://ebba.english.ucsb.edu/ballad/31268/citation,https://ebba.english.ucsb.edu/ballad/32440/citation
30610,34400,,0.11191373858501885,https://ebba.english.ucsb.edu/ballad/30610/citation,https://ebba.english.ucsb.edu/ballad/34400/citation
20655,30660,,0.11170804547883884,https://ebba.english.ucsb.edu/ballad/20655/citation,https://ebba.english.ucsb.edu/ballad/30660/citation
30101,31654,18,0.11139369812734225,https://ebba.english.ucsb.edu/ballad/30101/citation,https://ebba.english.ucsb.edu/ballad/31654/citation
20757,35128,42,0.11139031094043395,https://ebba.english.ucsb.edu/ballad/20757/citation,https://ebba.english.ucsb.edu/ballad/35128/citation
20757,32998,42,0.11134373702965804,https://ebba.english.ucsb.edu/ballad/20757/citation,https://ebba.english.ucsb.edu/ballad/32998/citation
20229,32348,,0.11116874135878554,https://ebba.english.ucsb.edu/ballad/20229/citation,https://ebba.english.ucsb.edu/ballad/32348/citation
20655,34420,,0.11114233901406786,https://ebba.english.ucsb.edu/ballad/20655/citation,https://ebba.english.ucsb.edu/ballad/34420/citation
20229,31654,18,0.11113458892636813,https://ebba.english.ucsb.edu/ballad/20229/citation,https://ebba.english.ucsb.edu/ballad/31654/citation
30408,30610,,0.11109532472276652,https://ebba.english.ucsb.edu/ballad/30408/citation,https://ebba.english.ucsb.edu/ballad/30610/citation
20235,20279,67,0.11103553730371053,https://ebba.english.ucsb.edu/ballad/20235/citation,https://ebba.english.ucsb.edu/ballad/20279/citation
20655,32868,,0.11098124651238805,https://ebba.english.ucsb.edu/ballad/20655/citation,https://ebba.english.ucsb.edu/ballad/32868/citation
20674,31713,,0.11096179204329827,https://ebba.english.ucsb.edu/ballad/20674/citation,https://ebba.english.ucsb.edu/ballad/31713/citation
22373,32785,,0.11095831486726904,https://ebba.english.ucsb.edu/ballad/22373/citation,https://ebba.english.ucsb.edu/ballad/32785/citation
34400,35138,,0.11087455042145963,https://ebba.english.ucsb.edu/ballad/34400/citation,https://ebba.english.ucsb.edu/ballad/35138/citation
31654,34959,,0.11085762836435456,https://ebba.english.ucsb.edu/ballad/31654/citation,https://ebba.english.ucsb.edu/ballad/34959/citation
30049,35128,42,0.11073678615721519,https://ebba.english.ucsb.edu/ballad/30049/citation,https://ebba.english.ucsb.edu/ballad/35128/citation
34008,34400,,0.11070805056626944,https://ebba.english.ucsb.edu/ballad/34008/citation,https://ebba.english.ucsb.edu/ballad/34400/citation
30049,32998,42,0.11069048549466606,https://ebba.english.ucsb.edu/ballad/30049/citation,https://ebba.english.ucsb.edu/ballad/32998/citation
30326,32440,,0.11050075225173579,https://ebba.english.ucsb.edu/ballad/30326/citation,https://ebba.english.ucsb.edu/ballad/32440/citation
30660,31654,,0.1104923954993893,https://ebba.english.ucsb.edu/ballad/30660/citation,https://ebba.english.ucsb.edu/ballad/31654/citation
20660,32440,,0.11033466703703695,https://ebba.english.ucsb.edu/ballad/20660/citation,https://ebba.english.ucsb.edu/ballad/32440/citation
20279,31786,67,0.11017679255170468,https://ebba.english.ucsb.edu/ballad/20279/citation,https://ebba.english.ucsb.edu/ballad/31786/citation
20660,32069,,0.1101479772229296,https://ebba.english.ucsb.edu/ballad/20660/citation,https://ebba.english.ucsb.edu/ballad/32069/citation
31654,36309,,0.11005259140148545,https://ebba.english.ucsb.edu/ballad/31654/citation,https://ebba.english.ucsb.edu/ballad/36309/citation
30049,31268,,0.10997760271186813,https://ebba.english.ucsb.edu/ballad/30049/citation,https://ebba.english.ucsb.edu/ballad/31268/citation
31654,32868,,0.10996859740303787,https://ebba.english.ucsb.edu/ballad/31654/citation,https://ebba.english.ucsb.edu/ballad/32868/citation
22373,34604,35,0.10985307443811264,https://ebba.english.ucsb.edu/ballad/22373/citation,https://ebba.english.ucsb.edu/ballad/34604/citation
30729,34420,,0.10983703489040429,https://ebba.english.ucsb.edu/ballad/30729/citation,https://ebba.english.ucsb.edu/ballad/34420/citation
20741,21372,,0.10976409871079817,https://ebba.english.ucsb.edu/ballad/20741/citation,https://ebba.english.ucsb.edu/ballad/21372/citation
20235,32348,,0.10976285015773074,https://ebba.english.ucsb.edu/ballad/20235/citation,https://ebba.english.ucsb.edu/ballad/32348/citation
31268,35658,,0.10973415782193113,https://ebba.english.ucsb.edu/ballad/31268/citation,https://ebba.english.ucsb.edu/ballad/35658/citation
22198,33906,,0.1096140024622644,https://ebba.english.ucsb.edu/ballad/22198/citation,https://ebba.english.ucsb.edu/ballad/33906/citation
32020,35658,,0.10959731866456976,https://ebba.english.ucsb.edu/ballad/32020/citation,https://ebba.english.ucsb.edu/ballad/35658/citation
20279,35507,67,0.10950561744056947,https://ebba.english.ucsb.edu/ballad/20279/citation,https://ebba.english.ucsb.edu/ballad/35507/citation
30729,32069,,0.1095050607196174,https://ebba.english.ucsb.edu/ballad/30729/citation,https://ebba.english.ucsb.edu/ballad/32069/citation
20674,36309,,0.10936011980015556,https://ebba.english.ucsb.edu/ballad/20674/citation,https://ebba.english.ucsb.edu/ballad/36309/citation
20741,30729,,0.10935038850188902,https://ebba.english.ucsb.edu/ballad/20741/citation,https://ebba.english.ucsb.edu/ballad/30729/citation
20757,34606,,0.10932427479616917,https://ebba.english.ucsb.edu/ballad/20757/citation,https://ebba.english.ucsb.edu/ballad/34606/citation
20660,30408,,0.10924568584007449,https://ebba.english.ucsb.edu/ballad/20660/citation,https://ebba.english.ucsb.edu/ballad/30408/citation
20655,34400,,0.10921965597891238,https://ebba.english.ucsb.edu/ballad/20655/citation,https://ebba.english.ucsb.edu/ballad/34400/citation
32440,35507,67,0.10921235289322567,https://ebba.english.ucsb.edu/ballad/32440/citation,https://ebba.english.ucsb.edu/ballad/35507/citation
31713,34420,,0.10906800823023655,https://ebba.english.ucsb.edu/ballad/31713/citation,https://ebba.english.ucsb.edu/ballad/34420/citation
20757,36165,,0.1090300950165002,https://ebba.english.ucsb.edu/ballad/20757/citation,https://ebba.english.ucsb.edu/ballad/36165/citation
20251,34959,,0.10899509061698379,https://ebba.english.ucsb.edu/ballad/20251/citation,https://ebba.english.ucsb.edu/ballad/34959/citation
30729,32440,,0.10896880934149628,https://ebba.english.ucsb.edu/ballad/30729/citation,https://ebba.english.ucsb.edu/ballad/32440/citation
20757,32879,,0.10883656565069572,https://ebba.english.ucsb.edu/ballad/20757/citation,https://ebba.english.ucsb.edu/ballad/32879/citation
31268,35128,,0.10872683273463905,https://ebba.english.ucsb.edu/ballad/31268/citation,https://ebba.english.ucsb.edu/ballad/35128/citation
20660,31689,,0.10863140076206887,https://ebba.english.ucsb.edu/ballad/20660/citation,https://ebba.english.ucsb.edu/ballad/31689/citation
20757,35655,,0.10862446679130013,https://ebba.english.ucsb.edu/ballad/20757/citation,https://ebba.english.ucsb.edu/ballad/35655/citation
20757,32878,,0.10861833244124168,https://ebba.english.ucsb.edu/ballad/20757/citation,https://ebba.english.ucsb.edu/ballad/32878/citation
32020,35128,,0.10859124971774356,https://ebba.english.ucsb.edu/ballad/32020/citation,https://ebba.english.ucsb.edu/ballad/35128/citation
30613,35658,42,0.10850342535693032,https://ebba.english.ucsb.edu/ballad/30613/citation,https://ebba.english.ucsb.edu/ballad/35658/citation
30049,35507,,0.10849689879005862,https://ebba.english.ucsb.edu/ballad/30049/citation,https://ebba.english.ucsb.edu/ballad/35507/citation
30389,32440,,0.10848400789995369,https://ebba.english.ucsb.edu/ballad/30389/citation,https://ebba.english.ucsb.edu/ballad/32440/citation
20251,32868,,0.10845349945864097,https://ebba.english.ucsb.edu/ballad/20251/citation,https://ebba.english.ucsb.edu/ballad/32868/citation
31268,32998,,0.10839931857723056,https://ebba.english.ucsb.edu/ballad/31268/citation,https://ebba.english.ucsb.edu/ballad/32998/citation
30049,33906,,0.10831153566395336,https://ebba.english.ucsb.edu/ballad/30049/citation,https://ebba.english.ucsb.edu/ballad/33906/citation
32020,32998,,0.10826414397246678,https://ebba.english.ucsb.edu/ballad/32020/citation,https://ebba.english.ucsb.edu/ballad/32998/citation
20660,31786,,0.10824983930093707,https://ebba.english.ucsb.edu/ballad/20660/citation,https://ebba.english.ucsb.edu/ballad/31786/citation
30610,35658,,0.10802375413810081,https://ebba.english.ucsb.edu/ballad/30610/citation,https://ebba.english.ucsb.edu/ballad/35658/citation
20251,30660,,0.10763407472868985,https://ebba.english.ucsb.edu/ballad/20251/citation,https://ebba.english.ucsb.edu/ballad/30660/citation
20757,31654,,0.10752744717098611,https://ebba.english.ucsb.edu/ballad/20757/citation,https://ebba.english.ucsb.edu/ballad/31654/citation
31268,31654,18,0.107524196782099,https://ebba.english.ucsb.edu/ballad/31268/citation,https://ebba.english.ucsb.edu/ballad/31654/citation
30660,32348,,0.10739728226200664,https://ebba.english.ucsb.edu/ballad/30660/citation,https://ebba.english.ucsb.edu/ballad/32348/citation
31654,32020,18,0.10739011345949769,https://ebba.english.ucsb.edu/ballad/31654/citation,https://ebba.english.ucsb.edu/ballad/32020/citation
20229,32440,,0.10733367633888094,https://ebba.english.ucsb.edu/ballad/20229/citation,https://ebba.english.ucsb.edu/ballad/32440/citation
20235,20660,,0.10732016774309192,https://ebba.english.ucsb.edu/ballad/20235/citation,https://ebba.english.ucsb.edu/ballad/20660/citation
30613,35128,42,0.10722839086287221,https://ebba.english.ucsb.edu/ballad/30613/citation,https://ebba.english.ucsb.edu/ballad/35128/citation
30613,32998,42,0.10718355711147565,https://ebba.english.ucsb.edu/ballad/30613/citation,https://ebba.english.ucsb.edu/ballad/32998/citation
20279,30729,,0.10718109748370443,https://ebba.english.ucsb.edu/ballad/20279/citation,https://ebba.english.ucsb.edu/ballad/30729/citation
20660,35507,,0.10710860990687943,https://ebba.english.ucsb.edu/ballad/20660/citation,https://ebba.english.ucsb.edu/ballad/35507/citation
20757,31689,,0.1070540656046487,https://ebba.english.ucsb.edu/ballad/20757/citation,https://ebba.english.ucsb.edu/ballad/31689/citation
20279,30613,,0.10704956278631939,https://ebba.english.ucsb.edu/ballad/20279/citation,https://ebba.english.ucsb.edu/ballad/30613/citation
30729,31786,,0.10699996945171733,https://ebba.english.ucsb.edu/ballad/30729/citation,https://ebba.english.ucsb.edu/ballad/31786/citation
32020,34108,,0.10699500375790441,https://ebba.english.ucsb.edu/ballad/32020/citation,https://ebba.english.ucsb.edu/ballad/34108/citation
20757,31673,,0.10699355571309126,https://ebba.english.ucsb.edu/ballad/20757/citation,https://ebba.english.ucsb.edu/ballad/31673/citation
20660,31673,,0.10694769689539653,https://ebba.english.ucsb.edu/ballad/20660/citation,https://ebba.english.ucsb.edu/ballad/31673/citation
31268,34108,,0.10679556566679654,https://ebba.english.ucsb.edu/ballad/31268/citation,https://ebba.english.ucsb.edu/ballad/34108/citation
30610,35128,,0.10675435630802642,https://ebba.english.ucsb.edu/ballad/30610/citation,https://ebba.english.ucsb.edu/ballad/35128/citation
30610,32998,,0.10670972075737889,https://ebba.english.ucsb.edu/ballad/30610/citation,https://ebba.english.ucsb.edu/ballad/32998/citation
30389,31654,,0.10651653776499982,https://ebba.english.ucsb.edu/ballad/30389/citation,https://ebba.english.ucsb.edu/ballad/31654/citation
32440,35475,,0.1064912626858407,https://ebba.english.ucsb.edu/ballad/32440/citation,https://ebba.english.ucsb.edu/ballad/35475/citation
30660,34420,,0.10643575286687941,https://ebba.english.ucsb.edu/ballad/30660/citation,https://ebba.english.ucsb.edu/ballad/34420/citation
30084,30408,,0.10641852315550682,https://ebba.english.ucsb.edu/ballad/30084/citation,https://ebba.english.ucsb.edu/ballad/30408/citation
32348,34959,,0.10630888547414759,https://ebba.english.ucsb.edu/ballad/32348/citation,https://ebba.english.ucsb.edu/ballad/34959/citation
31654,34420,,0.10614510828792513,https://ebba.english.ucsb.edu/ballad/31654/citation,https://ebba.english.ucsb.edu/ballad/34420/citation
20278,32457,,0.10611034402456203,https://ebba.english.ucsb.edu/ballad/20278/citation,https://ebba.english.ucsb.edu/ballad/32457/citation
20279,30389,,0.10610067824757138,https://ebba.english.ucsb.edu/ballad/20279/citation,https://ebba.english.ucsb.edu/ballad/30389/citation
20674,20741,,0.10607496125848782,https://ebba.english.ucsb.edu/ballad/20674/citation,https://ebba.english.ucsb.edu/ballad/20741/citation
31631,32440,,0.10606004214567692,https://ebba.english.ucsb.edu/ballad/31631/citation,https://ebba.english.ucsb.edu/ballad/32440/citation
30729,35507,,0.1060169919107343,https://ebba.english.ucsb.edu/ballad/30729/citation,https://ebba.english.ucsb.edu/ballad/35507/citation
32348,32868,,0.10580572983224637,https://ebba.english.ucsb.edu/ballad/32348/citation,https://ebba.english.ucsb.edu/ballad/32868/citation
32348,32457,,0.1057970758955209,https://ebba.english.ucsb.edu/ballad/32348/citation,https://ebba.english.ucsb.edu/ballad/32457/citation
22198,30729,,0.1057720159426303,https://ebba.english.ucsb.edu/ballad/22198/citation,https://ebba.english.ucsb.edu/ballad/30729/citation
20279,30101,,0.105726134353898,https://ebba.english.ucsb.edu/ballad/20279/citation,https://ebba.english.ucsb.edu/ballad/30101/citation
20279,32019,,0.10568220492688334,https://ebba.english.ucsb.edu/ballad/20279/citation,https://ebba.english.ucsb.edu/ballad/32019/citation
20741,30173,,0.10561940268299944,https://ebba.english.ucsb.edu/ballad/20741/citation,https://ebba.english.ucsb.edu/ballad/30173/citation
20278,30173,,0.10560960408658032,https://ebba.english.ucsb.edu/ballad/20278/citation,https://ebba.english.ucsb.edu/ballad/30173/citation
31654,35475,18,0.10553879603446309,https://ebba.english.ucsb.edu/ballad/31654/citation,https://ebba.english.ucsb.edu/ballad/35475/citation
30232,32440,,0.10539355156629648,https://ebba.english.ucsb.edu/ballad/30232/citation,https://ebba.english.ucsb.edu/ballad/32440/citation
34420,34959,,0.10535710051093744,https://ebba.english.ucsb.edu/ballad/34420/citation,https://ebba.english.ucsb.edu/ballad/34959/citation
30408,35138,,0.10533945770657496,https://ebba.english.ucsb.edu/ballad/30408/citation,https://ebba.english.ucsb.edu/ballad/35138/citation
20235,30729,,0.10531423859686187,https://ebba.english.ucsb.edu/ballad/20235/citation,https://ebba.english.ucsb.edu/ballad/30729/citation
20655,34108,,0.10527388527833384,https://ebba.english.ucsb.edu/ballad/20655/citation,https://ebba.english.ucsb.edu/ballad/34108/citation
20278,30389,,0.10521923712875211,https://ebba.english.ucsb.edu/ballad/20278/citation,https://ebba.english.ucsb.edu/ballad/30389/citation
30408,34008,,0.1051812698772914,https://ebba.english.ucsb.edu/ballad/30408/citation,https://ebba.english.ucsb.edu/ballad/34008/citation
30660,31713,,0.10514247020905405,https://ebba.english.ucsb.edu/ballad/30660/citation,https://ebba.english.ucsb.edu/ballad/31713/citation
32348,35507,,0.10509810564883963,https://ebba.english.ucsb.edu/ballad/32348/citation,https://ebba.english.ucsb.edu/ballad/35507/citation
30326,31654,,0.10492981319765698,https://ebba.english.ucsb.edu/ballad/30326/citation,https://ebba.english.ucsb.edu/ballad/31654/citation
20741,30408,,0.10472147324161347,https://ebba.english.ucsb.edu/ballad/20741/citation,https://ebba.english.ucsb.edu/ballad/30408/citation
20674,30408,,0.10428086874241696,https://ebba.english.ucsb.edu/ballad/20674/citation,https://ebba.english.ucsb.edu/ballad/30408/citation
20741,30389,,0.10409657333694028,https://ebba.english.ucsb.edu/ballad/20741/citation,https://ebba.english.ucsb.edu/ballad/30389/citation
20229,20279,,0.10409064197283119,https://ebba.english.ucsb.edu/ballad/20229/citation,https://ebba.english.ucsb.edu/ballad/20279/citation
31786,32348,,0.10404078565721074,https://ebba.english.ucsb.edu/ballad/31786/citation,https://ebba.english.ucsb.edu/ballad/32348/citation
30049,31713,,0.10399444150585944,https://ebba.english.ucsb.edu/ballad/30049/citation,https://ebba.english.ucsb.edu/ballad/31713/citation
20279,32457,,0.1039294125338859,https://ebba.english.ucsb.edu/ballad/20279/citation,https://ebba.english.ucsb.edu/ballad/32457/citation
34400,35658,,0.10377110854933701,https://ebba.english.ucsb.edu/ballad/34400/citation,https://ebba.english.ucsb.edu/ballad/35658/citation
32348,33906,,0.10374393643024904,https://ebba.english.ucsb.edu/ballad/32348/citation,https://ebba.english.ucsb.edu/ballad/33906/citation
21372,30408,,0.10359983698612239,https://ebba.english.ucsb.edu/ballad/21372/citation,https://ebba.english.ucsb.edu/ballad/30408/citation
32868,34420,,0.10357688556413977,https://ebba.english.ucsb.edu/ballad/32868/citation,https://ebba.english.ucsb.edu/ballad/34420/citation
20655,30613,,0.10342213086219267,https://ebba.english.ucsb.edu/ballad/20655/citation,https://ebba.english.ucsb.edu/ballad/30613/citation
20251,30326,,0.10331749794680875,https://ebba.english.ucsb.edu/ballad/20251/citation,https://ebba.english.ucsb.edu/ballad/30326/citation
20278,32785,67,0.10329515947264507,https://ebba.english.ucsb.edu/ballad/20278/citation,https://ebba.english.ucsb.edu/ballad/32785/citation
32785,36309,,0.10318895042959875,https://ebba.english.ucsb.edu/ballad/32785/citation,https://ebba.english.ucsb.edu/ballad/36309/citation
20265,20674,,0.10314858497179744,https://ebba.english.ucsb.edu/ballad/20265/citation,https://ebba.english.ucsb.edu/ballad/20674/citation
30173,34420,32,0.10314722341813881,https://ebba.english.ucsb.edu/ballad/30173/citation,https://ebba.english.ucsb.edu/ballad/34420/citation
22373,34400,,0.10290224799626439,https://ebba.english.ucsb.edu/ballad/22373/citation,https://ebba.english.ucsb.edu/ballad/34400/citation
20674,33906,,0.10273528975191741,https://ebba.english.ucsb.edu/ballad/20674/citation,https://ebba.english.ucsb.edu/ballad/33906/citation
30084,35658,42,0.10268182832238572,https://ebba.english.ucsb.edu/ballad/30084/citation,https://ebba.english.ucsb.edu/ballad/35658/citation
34420,36309,32,0.10257741460444,https://ebba.english.ucsb.edu/ballad/34420/citation,https://ebba.english.ucsb.edu/ballad/36309/citation
34400,35128,,0.10255168397862137,https://ebba.english.ucsb.edu/ballad/34400/citation,https://ebba.english.ucsb.edu/ballad/35128/citation
32998,34400,,0.10250880562646297,https://ebba.english.ucsb.edu/ballad/32998/citation,https://ebba.english.ucsb.edu/ballad/34400/citation
20279,35475,,0.10247912322301433,https://ebba.english.ucsb.edu/ballad/20279/citation,https://ebba.english.ucsb.edu/ballad/35475/citation
22198,32785,,0.10243169708058657,https://ebba.english.ucsb.edu/ballad/22198/citation,https://ebba.english.ucsb.edu/ballad/32785/citation
30173,32440,,0.10236308473083482,https://ebba.english.ucsb.edu/ballad/30173/citation,https://ebba.english.ucsb.edu/ballad/32440/citation
20279,22198,,0.10232003845062433,https://ebba.english.ucsb.edu/ballad/20279/citation,https://ebba.english.ucsb.edu/ballad/22198/citation
30084,34400,,0.10229794958850945,https://ebba.english.ucsb.edu/ballad/30084/citation,https://ebba.english.ucsb.edu/ballad/34400/citation
20655,30389,,0.10226891590537246,https://ebba.english.ucsb.edu/ballad/20655/citation,https://ebba.english.ucsb.edu/ballad/30389/citation
20674,22373,,0.1019183126619469,https://ebba.english.ucsb.edu/ballad/20674/citation,https://ebba.english.ucsb.edu/ballad/22373/citation
31713,34959,,0.1018207391106962,https://ebba.english.ucsb.edu/ballad/31713/citation,https://ebba.english.ucsb.edu/ballad/34959/citation
20235,32868,,0.10180349502436455,https://ebba.english.ucsb.edu/ballad/20235/citation,https://ebba.english.ucsb.edu/ballad/32868/citation
31654,34108,,0.10164652720387649,https://ebba.english.ucsb.edu/ballad/31654/citation,https://ebba.english.ucsb.edu/ballad/34108/citation
31713,34108,,0.1016307899479475,https://ebba.english.ucsb.edu/ballad/31713/citation,https://ebba.english.ucsb.edu/ballad/34108/citation
30389,33906,,0.10157128890356709,https://ebba.english.ucsb.edu/ballad/30389/citation,https://ebba.english.ucsb.edu/ballad/33906/citation
31786,32868,,0.10155192608999006,https://ebba.english.ucsb.edu/ballad/31786/citation,https://ebba.english.ucsb.edu/ballad/32868/citation
30084,35128,42,0.10147520399146427,https://ebba.english.ucsb.edu/ballad/30084/citation,https://ebba.english.ucsb.edu/ballad/35128/citation
30084,32998,42,0.10143277573126135,https://ebba.english.ucsb.edu/ballad/30084/citation,https://ebba.english.ucsb.edu/ballad/32998/citation
20741,35475,,0.10139349797718604,https://ebba.english.ucsb.edu/ballad/20741/citation,https://ebba.english.ucsb.edu/ballad/35475/citation
20251,30049,,0.10135171058262103,https://ebba.english.ucsb.edu/ballad/20251/citation,https://ebba.english.ucsb.edu/ballad/30049/citation
30610,31689,,0.10130172553166752,https://ebba.english.ucsb.edu/ballad/30610/citation,https://ebba.english.ucsb.edu/ballad/31689/citation
31713,32868,,0.10128333454138645,https://ebba.english.ucsb.edu/ballad/31713/citation,https://ebba.english.ucsb.edu/ballad/32868/citation
30232,36309,32,0.10127638737447504,https://ebba.english.ucsb.edu/ballad/30232/citation,https://ebba.english.ucsb.edu/ballad/36309/citation
31631,32457,,0.10124934538577347,https://ebba.english.ucsb.edu/ballad/31631/citation,https://ebba.english.ucsb.edu/ballad/32457/citation
20278,34108,,0.10122274683689139,https://ebba.english.ucsb.edu/ballad/20278/citation,https://ebba.english.ucsb.edu/ballad/34108/citation
20660,32348,,0.10117414894695463,https://ebba.english.ucsb.edu/ballad/20660/citation,https://ebba.english.ucsb.edu/ballad/32348/citation
32348,35658,,0.10090797020579009,https://ebba.english.ucsb.edu/ballad/32348/citation,https://ebba.english.ucsb.edu/ballad/35658/citation
20279,32020,,0.10086423477523865,https://ebba.english.ucsb.edu/ballad/20279/citation,https://ebba.english.ucsb.edu/ballad/32020/citation
20279,31268,,0.1008348479837349,https://ebba.english.ucsb.edu/ballad/20279/citation,https://ebba.english.ucsb.edu/ballad/31268/citation
30084,30173,,0.10074595539429286,https://ebba.english.ucsb.edu/ballad/30084/citation,https://ebba.english.ucsb.edu/ballad/30173/citation
20741,35138,,0.10072481502397379,https://ebba.english.ucsb.edu/ballad/20741/citation,https://ebba.english.ucsb.edu/ballad/35138/citation
20741,34008,,0.10057355698457877,https://ebba.english.ucsb.edu/ballad/20741/citation,https://ebba.english.ucsb.edu/ballad/34008/citation
32457,34108,,0.10048314853186037,https://ebba.english.ucsb.edu/ballad/32457/citation,https://ebba.english.ucsb.edu/ballad/34108/citation
30049,34400,,0.10031653937973961,https://ebba.english.ucsb.edu/ballad/30049/citation,https://ebba.english.ucsb.edu/ballad/34400/citation
32348,34420,32,0.10012573958723212,https://ebba.english.ucsb.edu/ballad/32348/citation,https://ebba.english.ucsb.edu/ballad/34420/citation
30660,35658,42,0.10008875275578671,https://ebba.english.ucsb.edu/ballad/30660/citation,https://ebba.english.ucsb.edu/ballad/35658/citation
34400,34606,,0.09997773840716502,https://ebba.english.ucsb.edu/ballad/34400/citation,https://ebba.english.ucsb.edu/ballad/34606/citation
30408,36309,,0.0999369581792947,https://ebba.english.ucsb.edu/ballad/30408/citation,https://ebba.english.ucsb.edu/ballad/36309/citation
20235,30660,,0.09974481361103779,https://ebba.english.ucsb.edu/ballad/20235/citation,https://ebba.english.ucsb.edu/ballad/30660/citation
30610,31673,,0.09973087856965336,https://ebba.english.ucsb.edu/ballad/30610/citation,https://ebba.english.ucsb.edu/ballad/31673/citation
32348,35128,,0.0997221906572226,https://ebba.english.ucsb.edu/ballad/32348/citation,https://ebba.english.ucsb.edu/ballad/35128/citation
34108,35475,,0.09966314694801694,https://ebba.english.ucsb.edu/ballad/34108/citation,https://ebba.english.ucsb.edu/ballad/35475/citation
31631,36309,32,0.0995397186505006,https://ebba.english.ucsb.edu/ballad/31631/citation,https://ebba.english.ucsb.edu/ballad/36309/citation
30660,31786,,0.09949833193117501,https://ebba.english.ucsb.edu/ballad/30660/citation,https://ebba.english.ucsb.edu/ballad/31786/citation
20229,34108,,0.09938326344469113,https://ebba.english.ucsb.edu/ballad/20229/citation,https://ebba.english.ucsb.edu/ballad/34108/citation
34400,35655,,0.09933775957559733,https://ebba.english.ucsb.edu/ballad/34400/citation,https://ebba.english.ucsb.edu/ballad/35655/citation
20235,20674,,0.09932929953688983,https://ebba.english.ucsb.edu/ballad/20235/citation,https://ebba.english.ucsb.edu/ballad/20674/citation
22198,32440,,0.0993128846955199,https://ebba.english.ucsb.edu/ballad/22198/citation,https://ebba.english.ucsb.edu/ballad/32440/citation
30389,34400,32,0.09922973231876463,https://ebba.english.ucsb.edu/ballad/30389/citation,https://ebba.english.ucsb.edu/ballad/34400/citation
20757,30084,42,0.09921494616215414,https://ebba.english.ucsb.edu/ballad/20757/citation,https://ebba.english.ucsb.edu/ballad/30084/citation
20279,30173,,0.09921355939368483,https://ebba.english.ucsb.edu/ballad/20279/citation,https://ebba.english.ucsb.edu/ballad/30173/citation
32868,35507,,0.09920480848876215,https://ebba.english.ucsb.edu/ballad/32868/citation,https://ebba.english.ucsb.edu/ballad/35507/citation
22373,34420,,0.09910983615909523,https://ebba.english.ucsb.edu/ballad/22373/citation,https://ebba.english.ucsb.edu/ballad/34420/citation
34420,34606,,0.0990821897600403,https://ebba.english.ucsb.edu/ballad/34420/citation,https://ebba.english.ucsb.edu/ballad/34606/citation
34959,35658,42,0.09907442283322443,https://ebba.english.ucsb.edu/ballad/34959/citation,https://ebba.english.ucsb.edu/ballad/35658/citation
20279,31631,,0.09897464228347454,https://ebba.english.ucsb.edu/ballad/20279/citation,https://ebba.english.ucsb.edu/ballad/31631/citation
20741,30610,,0.09895666359771142,https://ebba.english.ucsb.edu/ballad/20741/citation,https://ebba.english.ucsb.edu/ballad/30610/citation
30660,35128,42,0.09891259991258317,https://ebba.english.ucsb.edu/ballad/30660/citation,https://ebba.english.ucsb.edu/ballad/35128/citation
30660,32998,42,0.09887124311445553,https://ebba.english.ucsb.edu/ballad/30660/citation,https://ebba.english.ucsb.edu/ballad/32998/citation
22198,30408,,0.09883559938073952,https://ebba.english.ucsb.edu/ballad/22198/citation,https://ebba.english.ucsb.edu/ballad/30408/citation
34420,36165,,0.09881557032161208,https://ebba.english.ucsb.edu/ballad/34420/citation,https://ebba.english.ucsb.edu/ballad/36165/citation
30729,32785,,0.0987879136457753,https://ebba.english.ucsb.edu/ballad/30729/citation,https://ebba.english.ucsb.edu/ballad/32785/citation
20235,34959,,0.09873396927258415,https://ebba.english.ucsb.edu/ballad/20235/citation,https://ebba.english.ucsb.edu/ballad/34959/citation
32879,34420,,0.09864017182587512,https://ebba.english.ucsb.edu/ballad/32879/citation,https://ebba.english.ucsb.edu/ballad/34420/citation
31786,34959,,0.09848998551318065,https://ebba.english.ucsb.edu/ballad/31786/citation,https://ebba.english.ucsb.edu/ballad/34959/citation
30049,32785,,0.09844922631905721,https://ebba.english.ucsb.edu/ballad/30049/citation,https://ebba.english.ucsb.edu/ballad/32785/citation
34420,35655,,0.09844794352640822,https://ebba.english.ucsb.edu/ballad/34420/citation,https://ebba.english.ucsb.edu/ballad/35655/citation
32878,34420,,0.09844238387519919,https://ebba.english.ucsb.edu/ballad/32878/citation,https://ebba.english.ucsb.edu/ballad/34420/citation
31631,32069,,0.09842803486711461,https://ebba.english.ucsb.edu/ballad/31631/citation,https://ebba.english.ucsb.edu/ballad/32069/citation
30613,36309,,0.09842285935301796,https://ebba.english.ucsb.edu/ballad/30613/citation,https://ebba.english.ucsb.edu/ballad/36309/citation
30613,32785,,0.09837401392977799,https://ebba.english.ucsb.edu/ballad/30613/citation,https://ebba.english.ucsb.edu/ballad/32785/citation
32868,35658,42,0.09793349915609181,https://ebba.english.ucsb.edu/ballad/32868/citation,https://ebba.english.ucsb.edu/ballad/35658/citation
34959,35128,42,0.09791018948136751,https://ebba.english.ucsb.edu/ballad/34959/citation,https://ebba.english.ucsb.edu/ballad/35128/citation
32998,34959,42,0.0978692518056356,https://ebba.english.ucsb.edu/ballad/32998/citation,https://ebba.english.ucsb.edu/ballad/34959/citation
22198,34959,,0.09779586083934326,https://ebba.english.ucsb.edu/ballad/22198/citation,https://ebba.english.ucsb.edu/ballad/34959/citation
20741,32069,,0.09775289795343477,https://ebba.english.ucsb.edu/ballad/20741/citation,https://ebba.english.ucsb.edu/ballad/32069/citation
20278,20674,,0.0976096978527162,https://ebba.english.ucsb.edu/ballad/20278/citation,https://ebba.english.ucsb.edu/ballad/20674/citation
20278,33906,67,0.09756526961022502,https://ebba.english.ucsb.edu/ballad/20278/citation,https://ebba.english.ucsb.edu/ballad/33906/citation
20655,32348,,0.09754643428585716,https://ebba.english.ucsb.edu/ballad/20655/citation,https://ebba.english.ucsb.edu/ballad/32348/citation
20279,30232,,0.09734834197787814,https://ebba.english.ucsb.edu/ballad/20279/citation,https://ebba.english.ucsb.edu/ballad/30232/citation
20660,34108,,0.0973451175837015,https://ebba.english.ucsb.edu/ballad/20660/citation,https://ebba.english.ucsb.edu/ballad/34108/citation
32457,36309,,0.09731574227724663,https://ebba.english.ucsb.edu/ballad/32457/citation,https://ebba.english.ucsb.edu/ballad/36309/citation
32348,32998,,0.09720005489623011,https://ebba.english.ucsb.edu/ballad/32348/citation,https://ebba.english.ucsb.edu/ballad/32998/citation
30660,35507,,0.09716072842239308,https://ebba.english.ucsb.edu/ballad/30660/citation,https://ebba.english.ucsb.edu/ballad/35507/citation
33906,34400,,0.09699703160218451,https://ebba.english.ucsb.edu/ballad/33906/citation,https://ebba.english.ucsb.edu/ballad/34400/citation
20265,31631,,0.09691682760436617,https://ebba.english.ucsb.edu/ballad/20265/citation,https://ebba.english.ucsb.edu/ballad/31631/citation
34400,36165,,0.09684771047964928,https://ebba.english.ucsb.edu/ballad/34400/citation,https://ebba.english.ucsb.edu/ballad/36165/citation
32868,35128,42,0.09678267291132521,https://ebba.english.ucsb.edu/ballad/32868/citation,https://ebba.english.ucsb.edu/ballad/35128/citation
22198,32868,,0.09675852671990151,https://ebba.english.ucsb.edu/ballad/22198/citation,https://ebba.english.ucsb.edu/ballad/32868/citation
32868,32998,42,0.0967422066666872,https://ebba.english.ucsb.edu/ballad/32868/citation,https://ebba.english.ucsb.edu/ballad/32998/citation
32879,34400,,0.09667580495222672,https://ebba.english.ucsb.edu/ballad/32879/citation,https://ebba.english.ucsb.edu/ballad/34400/citation
30326,32785,,0.09658783516635377,https://ebba.english.ucsb.edu/ballad/30326/citation,https://ebba.english.ucsb.edu/ballad/32785/citation
32878,34400,,0.0964819558440236,https://ebba.english.ucsb.edu/ballad/32878/citation,https://ebba.english.ucsb.edu/ballad/34400/citation
20674,35507,,0.09640377461831019,https://ebba.english.ucsb.edu/ballad/20674/citation,https://ebba.english.ucsb.edu/ballad/35507/citation
21372,34420,,0.09636979707753206,https://ebba.english.ucsb.edu/ballad/21372/citation,https://ebba.english.ucsb.edu/ballad/34420/citation
20235,22198,,0.09629452810031185,https://ebba.english.ucsb.edu/ballad/20235/citation,https://ebba.english.ucsb.edu/ballad/22198/citation
34420,35138,,0.09629204045777078,https://ebba.english.ucsb.edu/ballad/34420/citation,https://ebba.english.ucsb.edu/ballad/35138/citation
20674,31673,,0.09627593206480896,https://ebba.english.ucsb.edu/ballad/20674/citation,https://ebba.english.ucsb.edu/ballad/31673/citation
34959,35507,,0.09617607199074339,https://ebba.english.ucsb.edu/ballad/34959/citation,https://ebba.english.ucsb.edu/ballad/35507/citation
34008,34420,,0.0961474390976638,https://ebba.english.ucsb.edu/ballad/34008/citation,https://ebba.english.ucsb.edu/ballad/34420/citation
22373,30389,,0.09610680359136725,https://ebba.english.ucsb.edu/ballad/22373/citation,https://ebba.english.ucsb.edu/ballad/30389/citation
22198,30084,,0.09582288265480811,https://ebba.english.ucsb.edu/ballad/22198/citation,https://ebba.english.ucsb.edu/ballad/30084/citation
31689,35138,,0.09580363177563213,https://ebba.english.ucsb.edu/ballad/31689/citation,https://ebba.english.ucsb.edu/ballad/35138/citation
30610,34108,,0.09577756376415648,https://ebba.english.ucsb.edu/ballad/30610/citation,https://ebba.english.ucsb.edu/ballad/34108/citation
31689,34008,,0.09565976385682921,https://ebba.english.ucsb.edu/ballad/31689/citation,https://ebba.english.ucsb.edu/ballad/34008/citation
20674,31786,,0.09534371069587477,https://ebba.english.ucsb.edu/ballad/20674/citation,https://ebba.english.ucsb.edu/ballad/31786/citation
30049,30389,,0.0952634791217802,https://ebba.english.ucsb.edu/ballad/30049/citation,https://ebba.english.ucsb.edu/ballad/30389/citation
20278,20660,,0.09515477254263008,https://ebba.english.ucsb.edu/ballad/20278/citation,https://ebba.english.ucsb.edu/ballad/20660/citation
30049,30173,,0.09511287120097207,https://ebba.english.ucsb.edu/ballad/30049/citation,https://ebba.english.ucsb.edu/ballad/30173/citation
20660,22373,,0.09498553258445219,https://ebba.english.ucsb.edu/ballad/20660/citation,https://ebba.english.ucsb.edu/ballad/22373/citation
20279,20660,,0.09496681176433552,https://ebba.english.ucsb.edu/ballad/20279/citation,https://ebba.english.ucsb.edu/ballad/20660/citation
31654,34400,,0.0949520806420697,https://ebba.english.ucsb.edu/ballad/31654/citation,https://ebba.english.ucsb.edu/ballad/34400/citation
20660,36309,,0.09488335608780604,https://ebba.english.ucsb.edu/ballad/20660/citation,https://ebba.english.ucsb.edu/ballad/36309/citation
30232,32069,,0.09471667527900021,https://ebba.english.ucsb.edu/ballad/30232/citation,https://ebba.english.ucsb.edu/ballad/32069/citation
30408,31631,,0.09467428507173214,https://ebba.english.ucsb.edu/ballad/30408/citation,https://ebba.english.ucsb.edu/ballad/31631/citation
30101,34420,,0.09436685409753369,https://ebba.english.ucsb.edu/ballad/30101/citation,https://ebba.english.ucsb.edu/ballad/34420/citation
31673,35138,,0.09425390030216292,https://ebba.english.ucsb.edu/ballad/31673/citation,https://ebba.english.ucsb.edu/ballad/35138/citation
20757,30613,42,0.09421308139403231,https://ebba.english.ucsb.edu/ballad/20757/citation,https://ebba.english.ucsb.edu/ballad/30613/citation
31673,34008,,0.09411235960872365,https://ebba.english.ucsb.edu/ballad/31673/citation,https://ebba.english.ucsb.edu/ballad/34008/citation
22198,34605,,0.09401382651088129,https://ebba.english.ucsb.edu/ballad/22198/citation,https://ebba.english.ucsb.edu/ballad/34605/citation
21372,22198,18,0.09397586248501251,https://ebba.english.ucsb.edu/ballad/21372/citation,https://ebba.english.ucsb.edu/ballad/22198/citation
30049,34420,,0.09393939988350683,https://ebba.english.ucsb.edu/ballad/30049/citation,https://ebba.english.ucsb.edu/ballad/34420/citation
32878,34108,,0.09385652324268215,https://ebba.english.ucsb.edu/ballad/32878/citation,https://ebba.english.ucsb.edu/ballad/34108/citation
32019,34420,,0.0938090177463494,https://ebba.english.ucsb.edu/ballad/32019/citation,https://ebba.english.ucsb.edu/ballad/34420/citation
22198,35507,,0.09379055140901364,https://ebba.english.ucsb.edu/ballad/22198/citation,https://ebba.english.ucsb.edu/ballad/35507/citation
20674,32069,,0.09377759200392552,https://ebba.english.ucsb.edu/ballad/20674/citation,https://ebba.english.ucsb.edu/ballad/32069/citation
30660,33906,,0.09377267421263942,https://ebba.english.ucsb.edu/ballad/30660/citation,https://ebba.english.ucsb.edu/ballad/33906/citation
20674,31689,,0.09376725056217884,https://ebba.english.ucsb.edu/ballad/20674/citation,https://ebba.english.ucsb.edu/ballad/31689/citation
30232,32457,,0.09372772924026226,https://ebba.english.ucsb.edu/ballad/30232/citation,https://ebba.english.ucsb.edu/ballad/32457/citation
30173,30660,,0.09364441463947132,https://ebba.english.ucsb.edu/ballad/30173/citation,https://ebba.english.ucsb.edu/ballad/30660/citation
30610,32440,,0.09363856795200012,https://ebba.english.ucsb.edu/ballad/30610/citation,https://ebba.english.ucsb.edu/ballad/32440/citation
31654,32785,,0.09358716939146688,https://ebba.english.ucsb.edu/ballad/31654/citation,https://ebba.english.ucsb.edu/ballad/32785/citation
22198,34604,,0.0934027801767572,https://ebba.english.ucsb.edu/ballad/22198/citation,https://ebba.english.ucsb.edu/ballad/34604/citation
20235,34400,,0.09338896259838593,https://ebba.english.ucsb.edu/ballad/20235/citation,https://ebba.english.ucsb.edu/ballad/34400/citation
30610,32069,,0.09336979670801093,https://ebba.english.ucsb.edu/ballad/30610/citation,https://ebba.english.ucsb.edu/ballad/32069/citation
31268,34420,,0.09331386373838284,https://ebba.english.ucsb.edu/ballad/31268/citation,https://ebba.english.ucsb.edu/ballad/34420/citation
30613,31654,,0.0932648580099322,https://ebba.english.ucsb.edu/ballad/30613/citation,https://ebba.english.ucsb.edu/ballad/31654/citation
22198,31673,,0.09320357961156304,https://ebba.english.ucsb.edu/ballad/22198/citation,https://ebba.english.ucsb.edu/ballad/31673/citation
32020,34420,,0.09319750078688671,https://ebba.english.ucsb.edu/ballad/32020/citation,https://ebba.english.ucsb.edu/ballad/34420/citation
34420,35475,,0.09294495172346132,https://ebba.english.ucsb.edu/ballad/34420/citation,https://ebba.english.ucsb.edu/ballad/35475/citation
32457,34420,,0.09292433400601273,https://ebba.english.ucsb.edu/ballad/32457/citation,https://ebba.english.ucsb.edu/ballad/34420/citation
20278,30613,,0.09288938450515265,https://ebba.english.ucsb.edu/ballad/20278/citation,https://ebba.english.ucsb.edu/ballad/30613/citation
30613,34108,,0.09283773244019669,https://ebba.english.ucsb.edu/ballad/30613/citation,https://ebba.english.ucsb.edu/ballad/34108/citation
33906,34959,,0.09282235335486388,https://ebba.english.ucsb.edu/ballad/33906/citation,https://ebba.english.ucsb.edu/ballad/34959/citation
20660,34605,,0.09281342984339316,https://ebba.english.ucsb.edu/ballad/20660/citation,https://ebba.english.ucsb.edu/ballad/34605/citation
30610,34420,,0.09278782169272849,https://ebba.english.ucsb.edu/ballad/30610/citation,https://ebba.english.ucsb.edu/ballad/34420/citation
22198,31689,,0.09276670886419654,https://ebba.english.ucsb.edu/ballad/22198/citation,https://ebba.english.ucsb.edu/ballad/31689/citation
20279,20757,,0.09267708751153853,https://ebba.english.ucsb.edu/ballad/20279/citation,https://ebba.english.ucsb.edu/ballad/20757/citation
20265,30232,,0.09227720233163964,https://ebba.english.ucsb.edu/ballad/20265/citation,https://ebba.english.ucsb.edu/ballad/30232/citation
30326,30613,42,0.09227121017041379,https://ebba.english.ucsb.edu/ballad/30326/citation,https://ebba.english.ucsb.edu/ballad/30613/citation
21372,31689,,0.09209672758635742,https://ebba.english.ucsb.edu/ballad/21372/citation,https://ebba.english.ucsb.edu/ballad/31689/citation
30408,34420,,0.09207904399533991,https://ebba.english.ucsb.edu/ballad/30408/citation,https://ebba.english.ucsb.edu/ballad/34420/citation
20279,20674,,0.09203710707302486,https://ebba.english.ucsb.edu/ballad/20279/citation,https://ebba.english.ucsb.edu/ballad/20674/citation
20655,21372,18,0.09202267483451618,https://ebba.english.ucsb.edu/ballad/20655/citation,https://ebba.english.ucsb.edu/ballad/21372/citation
32069,34420,,0.09197235420573886,https://ebba.english.ucsb.edu/ballad/32069/citation,https://ebba.english.ucsb.edu/ballad/34420/citation
30232,30408,,0.09193412917922308,https://ebba.english.ucsb.edu/ballad/30232/citation,https://ebba.english.ucsb.edu/ballad/30408/citation
22198,35138,18,0.09190408066344438,https://ebba.english.ucsb.edu/ballad/22198/citation,https://ebba.english.ucsb.edu/ballad/35138/citation
20229,20741,,0.09182932429745404,https://ebba.english.ucsb.edu/ballad/20229/citation,https://ebba.english.ucsb.edu/ballad/20741/citation
22198,34008,18,0.09176606868446735,https://ebba.english.ucsb.edu/ballad/22198/citation,https://ebba.english.ucsb.edu/ballad/34008/citation
20655,35138,18,0.09176153858667498,https://ebba.english.ucsb.edu/ballad/20655/citation,https://ebba.english.ucsb.edu/ballad/35138/citation
20741,30613,,0.09174337478450915,https://ebba.english.ucsb.edu/ballad/20741/citation,https://ebba.english.ucsb.edu/ballad/30613/citation
34108,34400,32,0.09172127359475613,https://ebba.english.ucsb.edu/ballad/34108/citation,https://ebba.english.ucsb.edu/ballad/34400/citation
31631,31713,,0.09163716587238088,https://ebba.english.ucsb.edu/ballad/31631/citation,https://ebba.english.ucsb.edu/ballad/31713/citation
20655,34008,18,0.09162374066254686,https://ebba.english.ucsb.edu/ballad/20655/citation,https://ebba.english.ucsb.edu/ballad/34008/citation
30389,36309,32,0.0916184500937865,https://ebba.english.ucsb.edu/ballad/30389/citation,https://ebba.english.ucsb.edu/ballad/36309/citation
31631,31689,,0.09158858548969079,https://ebba.english.ucsb.edu/ballad/31631/citation,https://ebba.english.ucsb.edu/ballad/31689/citation
20229,34420,,0.09145383355731808,https://ebba.english.ucsb.edu/ballad/20229/citation,https://ebba.english.ucsb.edu/ballad/34420/citation
31786,34400,,0.09143003084424844,https://ebba.english.ucsb.edu/ballad/31786/citation,https://ebba.english.ucsb.edu/ballad/34400/citation
22198,31786,,0.09136338960415424,https://ebba.english.ucsb.edu/ballad/22198/citation,https://ebba.english.ucsb.edu/ballad/31786/citation
20655,30610,18,0.09134770133844633,https://ebba.english.ucsb.edu/ballad/20655/citation,https://ebba.english.ucsb.edu/ballad/30610/citation
22373,30084,,0.0912994217236375,https://ebba.english.ucsb.edu/ballad/22373/citation,https://ebba.english.ucsb.edu/ballad/30084/citation
30049,36309,,0.09127614234731969,https://ebba.english.ucsb.edu/ballad/30049/citation,https://ebba.english.ucsb.edu/ballad/36309/citation
20655,34605,,0.09125321753349147,https://ebba.english.ucsb.edu/ballad/20655/citation,https://ebba.english.ucsb.edu/ballad/34605/citation
30049,32457,,0.09116919111398514,https://ebba.english.ucsb.edu/ballad/30049/citation,https://ebba.english.ucsb.edu/ballad/32457/citation
31631,31673,,0.09097373507867629,https://ebba.english.ucsb.edu/ballad/31631/citation,https://ebba.english.ucsb.edu/ballad/31673/citation
20265,35128,,0.090720515392785,https://ebba.english.ucsb.edu/ballad/20265/citation,https://ebba.english.ucsb.edu/ballad/35128/citation
21372,31673,,0.09052644186059579,https://ebba.english.ucsb.edu/ballad/21372/citation,https://ebba.english.ucsb.edu/ballad/31673/citation
34400,35507,,0.0903792322055669,https://ebba.english.ucsb.edu/ballad/34400/citation,https://ebba.english.ucsb.edu/ballad/35507/citation
33906,36309,,0.09032318824498377,https://ebba.english.ucsb.edu/ballad/33906/citation,https://ebba.english.ucsb.edu/ballad/36309/citation
31631,32785,,0.0902682920238137,https://ebba.english.ucsb.edu/ballad/31631/citation,https://ebba.english.ucsb.edu/ballad/32785/citation
20674,32440,,0.09025619950454458,https://ebba.english.ucsb.edu/ballad/20674/citation,https://ebba.english.ucsb.edu/ballad/32440/citation
32457,35658,,0.09023845467112993,https://ebba.english.ucsb.edu/ballad/32457/citation,https://ebba.english.ucsb.edu/ballad/35658/citation
32440,34420,,0.09018310921091582,https://ebba.english.ucsb.edu/ballad/32440/citation,https://ebba.english.ucsb.edu/ballad/34420/citation
30389,32348,32,0.08996231064965092,https://ebba.english.ucsb.edu/ballad/30389/citation,https://ebba.english.ucsb.edu/ballad/32348/citation
32868,33906,,0.08981482797652626,https://ebba.english.ucsb.edu/ballad/32868/citation,https://ebba.english.ucsb.edu/ballad/33906/citation
20741,30101,,0.08979609402665471,https://ebba.english.ucsb.edu/ballad/20741/citation,https://ebba.english.ucsb.edu/ballad/30101/citation
20741,31673,,0.08968961045361064,https://ebba.english.ucsb.edu/ballad/20741/citation,https://ebba.english.ucsb.edu/ballad/31673/citation
20757,32785,,0.08963814339144086,https://ebba.english.ucsb.edu/ballad/20757/citation,https://ebba.english.ucsb.edu/ballad/32785/citation
20660,34604,,0.0894955295841606,https://ebba.english.ucsb.edu/ballad/20660/citation,https://ebba.english.ucsb.edu/ballad/34604/citation
20235,36309,,0.08940591280978971,https://ebba.english.ucsb.edu/ballad/20235/citation,https://ebba.english.ucsb.edu/ballad/36309/citation
22198,30613,,0.08928423954329205,https://ebba.english.ucsb.edu/ballad/22198/citation,https://ebba.english.ucsb.edu/ballad/30613/citation
20235,31654,,0.08923804140887809,https://ebba.english.ucsb.edu/ballad/20235/citation,https://ebba.english.ucsb.edu/ballad/31654/citation
32457,35128,,0.08917805365597581,https://ebba.english.ucsb.edu/ballad/32457/citation,https://ebba.english.ucsb.edu/ballad/35128/citation
32457,32998,,0.0891407670133668,https://ebba.english.ucsb.edu/ballad/32457/citation,https://ebba.english.ucsb.edu/ballad/32998/citation
33906,34420,,0.0891391907273576,https://ebba.english.ucsb.edu/ballad/33906/citation,https://ebba.english.ucsb.edu/ballad/34420/citation
30613,34400,,0.08913822937333647,https://ebba.english.ucsb.edu/ballad/30613/citation,https://ebba.english.ucsb.edu/ballad/34400/citation
20757,32440,,0.08912805984753683,https://ebba.english.ucsb.edu/ballad/20757/citation,https://ebba.english.ucsb.edu/ballad/32440/citation
20251,35658,,0.08908578086095917,https://ebba.english.ucsb.edu/ballad/20251/citation,https://ebba.english.ucsb.edu/ballad/35658/citation
31654,31786,,0.08901752325301794,https://ebba.english.ucsb.edu/ballad/31654/citation,https://ebba.english.ucsb.edu/ballad/31786/citation
20278,31786,67,0.0889609045627992,https://ebba.english.ucsb.edu/ballad/20278/citation,https://ebba.english.ucsb.edu/ballad/31786/citation
20741,32440,,0.08892682471745579,https://ebba.english.ucsb.edu/ballad/20741/citation,https://ebba.english.ucsb.edu/ballad/32440/citation
30232,31713,,0.08892328556664611,https://ebba.english.ucsb.edu/ballad/30232/citation,https://ebba.english.ucsb.edu/ballad/31713/citation
22198,30660,,0.08878533938384692,https://ebba.english.ucsb.edu/ballad/22198/citation,https://ebba.english.ucsb.edu/ballad/30660/citation
21372,32440,,0.08878221485868704,https://ebba.english.ucsb.edu/ballad/21372/citation,https://ebba.english.ucsb.edu/ballad/32440/citation
30326,35658,42,0.08849516709079516,https://ebba.english.ucsb.edu/ballad/30326/citation,https://ebba.english.ucsb.edu/ballad/35658/citation
30232,31673,,0.08829567139920279,https://ebba.english.ucsb.edu/ballad/30232/citation,https://ebba.english.ucsb.edu/ballad/31673/citation
20265,35658,,0.08826892986680002,https://ebba.english.ucsb.edu/ballad/20265/citation,https://ebba.english.ucsb.edu/ballad/35658/citation
32440,35138,,0.08826451481052532,https://ebba.english.ucsb.edu/ballad/32440/citation,https://ebba.english.ucsb.edu/ballad/35138/citation
20235,20278,67,0.08823669633897128,https://ebba.english.ucsb.edu/ballad/20235/citation,https://ebba.english.ucsb.edu/ballad/20278/citation
30173,34959,,0.08820301058748055,https://ebba.english.ucsb.edu/ballad/30173/citation,https://ebba.english.ucsb.edu/ballad/34959/citation
30173,32868,,0.08814388349577307,https://ebba.english.ucsb.edu/ballad/30173/citation,https://ebba.english.ucsb.edu/ballad/32868/citation
32440,34008,,0.08813196835258232,https://ebba.english.ucsb.edu/ballad/32440/citation,https://ebba.english.ucsb.edu/ballad/34008/citation
20251,35128,,0.08803892502987208,https://ebba.english.ucsb.edu/ballad/20251/citation,https://ebba.english.ucsb.edu/ballad/35128/citation
22198,30610,18,0.08800997876207504,https://ebba.english.ucsb.edu/ballad/22198/citation,https://ebba.english.ucsb.edu/ballad/30610/citation
20251,32998,,0.08800211467352666,https://ebba.english.ucsb.edu/ballad/20251/citation,https://ebba.english.ucsb.edu/ballad/32998/citation
30232,31689,,0.08798977142753059,https://ebba.english.ucsb.edu/ballad/30232/citation,https://ebba.english.ucsb.edu/ballad/31689/citation
31713,34606,,0.08793629839984017,https://ebba.english.ucsb.edu/ballad/31713/citation,https://ebba.english.ucsb.edu/ballad/34606/citation
20757,30173,,0.08792338664059149,https://ebba.english.ucsb.edu/ballad/20757/citation,https://ebba.english.ucsb.edu/ballad/30173/citation
32069,35138,,0.08790872147095653,https://ebba.english.ucsb.edu/ballad/32069/citation,https://ebba.english.ucsb.edu/ballad/35138/citation
20251,34108,,0.08789340296975363,https://ebba.english.ucsb.edu/ballad/20251/citation,https://ebba.english.ucsb.edu/ballad/34108/citation
20251,31631,,0.08787968327352719,https://ebba.english.ucsb.edu/ballad/20251/citation,https://ebba.english.ucsb.edu/ballad/31631/citation
20741,34420,,0.08777872309676256,https://ebba.english.ucsb.edu/ballad/20741/citation,https://ebba.english.ucsb.edu/ballad/34420/citation
32069,34008,,0.08777670930640447,https://ebba.english.ucsb.edu/ballad/32069/citation,https://ebba.english.ucsb.edu/ballad/34008/citation
20279,30610,,0.08773702866071732,https://ebba.english.ucsb.edu/ballad/20279/citation,https://ebba.english.ucsb.edu/ballad/30610/citation
20278,35507,67,0.08773247809133525,https://ebba.english.ucsb.edu/ballad/20278/citation,https://ebba.english.ucsb.edu/ballad/35507/citation
31713,36165,,0.08769967134755562,https://ebba.english.ucsb.edu/ballad/31713/citation,https://ebba.english.ucsb.edu/ballad/36165/citation
31689,34420,,0.087639689062036,https://ebba.english.ucsb.edu/ballad/31689/citation,https://ebba.english.ucsb.edu/ballad/34420/citation
22373,33906,,0.08760863844907689,https://ebba.english.ucsb.edu/ballad/22373/citation,https://ebba.english.ucsb.edu/ballad/33906/citation
20278,20741,,0.08755883660599187,https://ebba.english.ucsb.edu/ballad/20278/citation,https://ebba.english.ucsb.edu/ballad/20741/citation
31713,32879,,0.08754400366906202,https://ebba.english.ucsb.edu/ballad/31713/citation,https://ebba.english.ucsb.edu/ballad/32879/citation
32457,34606,,0.08753617001646138,https://ebba.english.ucsb.edu/ballad/32457/citation,https://ebba.english.ucsb.edu/ballad/34606/citation
21372,32069,,0.08751097736156523,https://ebba.english.ucsb.edu/ballad/21372/citation,https://ebba.english.ucsb.edu/ballad/32069/citation
30232,32785,,0.08750494850728661,https://ebba.english.ucsb.edu/ballad/30232/citation,https://ebba.english.ucsb.edu/ballad/32785/citation
30326,35128,42,0.0874552516205967,https://ebba.english.ucsb.edu/ballad/30326/citation,https://ebba.english.ucsb.edu/ballad/35128/citation
30326,32998,42,0.0874186853066016,https://ebba.english.ucsb.edu/ballad/30326/citation,https://ebba.english.ucsb.edu/ballad/32998/citation
20660,20741,,0.08740139383715033,https://ebba.english.ucsb.edu/ballad/20660/citation,https://ebba.english.ucsb.edu/ballad/20741/citation
32348,32785,,0.08737620256477643,https://ebba.english.ucsb.edu/ballad/32348/citation,https://ebba.english.ucsb.edu/ballad/32785/citation
31713,35655,,0.08737339939453236,https://ebba.english.ucsb.edu/ballad/31713/citation,https://ebba.english.ucsb.edu/ballad/35655/citation
31713,32878,,0.08736846515610973,https://ebba.english.ucsb.edu/ballad/31713/citation,https://ebba.english.ucsb.edu/ballad/32878/citation
32457,35655,,0.08697583231829409,https://ebba.english.ucsb.edu/ballad/32457/citation,https://ebba.english.ucsb.edu/ballad/35655/citation
20278,35658,,0.0869215280893459,https://ebba.english.ucsb.edu/ballad/20278/citation,https://ebba.english.ucsb.edu/ballad/35658/citation
30389,30613,,0.08684129461474878,https://ebba.english.ucsb.edu/ballad/30389/citation,https://ebba.english.ucsb.edu/ballad/30613/citation
31631,32348,32,0.08682424331601318,https://ebba.english.ucsb.edu/ballad/31631/citation,https://ebba.english.ucsb.edu/ballad/32348/citation
31673,34420,,0.08679736225196653,https://ebba.english.ucsb.edu/ballad/31673/citation,https://ebba.english.ucsb.edu/ballad/34420/citation
20265,30389,,0.0865548382898923,https://ebba.english.ucsb.edu/ballad/20265/citation,https://ebba.english.ucsb.edu/ballad/30389/citation
20265,20741,,0.08651194802793755,https://ebba.english.ucsb.edu/ballad/20265/citation,https://ebba.english.ucsb.edu/ballad/20741/citation
31654,33906,,0.08648123990324671,https://ebba.english.ucsb.edu/ballad/31654/citation,https://ebba.english.ucsb.edu/ballad/33906/citation
31786,36309,,0.08631337936188706,https://ebba.english.ucsb.edu/ballad/31786/citation,https://ebba.english.ucsb.edu/ballad/36309/citation
22198,30173,,0.0862895812847788,https://ebba.english.ucsb.edu/ballad/22198/citation,https://ebba.english.ucsb.edu/ballad/30173/citation
30326,31689,,0.08628652315859933,https://ebba.english.ucsb.edu/ballad/30326/citation,https://ebba.english.ucsb.edu/ballad/31689/citation
30408,35658,,0.0862539347294649,https://ebba.english.ucsb.edu/ballad/30408/citation,https://ebba.english.ucsb.edu/ballad/35658/citation
30610,32348,,0.08621117003929665,https://ebba.english.ucsb.edu/ballad/30610/citation,https://ebba.english.ucsb.edu/ballad/32348/citation
20757,33906,,0.0861437143406785,https://ebba.english.ucsb.edu/ballad/20757/citation,https://ebba.english.ucsb.edu/ballad/33906/citation
30610,31654,18,0.08610896201487886,https://ebba.english.ucsb.edu/ballad/30610/citation,https://ebba.english.ucsb.edu/ballad/31654/citation
31713,35658,,0.08606790523308874,https://ebba.english.ucsb.edu/ballad/31713/citation,https://ebba.english.ucsb.edu/ballad/35658/citation
30326,31673,,0.08590139930335411,https://ebba.english.ucsb.edu/ballad/30326/citation,https://ebba.english.ucsb.edu/ballad/31673/citation
20278,35128,,0.08590010460685604,https://ebba.english.ucsb.edu/ballad/20278/citation,https://ebba.english.ucsb.edu/ballad/35128/citation
20278,32998,,0.08586418852246933,https://ebba.english.ucsb.edu/ballad/20278/citation,https://ebba.english.ucsb.edu/ballad/32998/citation
20251,30232,,0.08580729565856779,https://ebba.english.ucsb.edu/ballad/20251/citation,https://ebba.english.ucsb.edu/ballad/30232/citation
20251,34606,,0.08579239551450439,https://ebba.english.ucsb.edu/ballad/20251/citation,https://ebba.english.ucsb.edu/ballad/34606/citation
32069,34108,,0.08578479717975021,https://ebba.english.ucsb.edu/ballad/32069/citation,https://ebba.english.ucsb.edu/ballad/34108/citation
20235,20655,,0.08577464984505129,https://ebba.english.ucsb.edu/ballad/20235/citation,https://ebba.english.ucsb.edu/ballad/20655/citation
20741,31689,,0.0857746198491513,https://ebba.english.ucsb.edu/ballad/20741/citation,https://ebba.english.ucsb.edu/ballad/31689/citation
20251,30173,,0.08575269018797416,https://ebba.english.ucsb.edu/ballad/20251/citation,https://ebba.english.ucsb.edu/ballad/30173/citation
21372,32348,,0.085628064628062,https://ebba.english.ucsb.edu/ballad/21372/citation,https://ebba.english.ucsb.edu/ballad/32348/citation
20655,31786,,0.08556269015493756,https://ebba.english.ucsb.edu/ballad/20655/citation,https://ebba.english.ucsb.edu/ballad/31786/citation
20251,36165,,0.08556153747262131,https://ebba.english.ucsb.edu/ballad/20251/citation,https://ebba.english.ucsb.edu/ballad/36165/citation
20265,22373,,0.08548136493173385,https://ebba.english.ucsb.edu/ballad/20265/citation,https://ebba.english.ucsb.edu/ballad/22373/citation
20741,32019,,0.08547752189496532,https://ebba.english.ucsb.edu/ballad/20741/citation,https://ebba.english.ucsb.edu/ballad/32019/citation
20251,32879,,0.08540966500032982,https://ebba.english.ucsb.edu/ballad/20251/citation,https://ebba.english.ucsb.edu/ballad/32879/citation
20278,34420,,0.08538580543845398,https://ebba.english.ucsb.edu/ballad/20278/citation,https://ebba.english.ucsb.edu/ballad/34420/citation
34420,36219,32,0.08532134801168527,https://ebba.english.ucsb.edu/ballad/34420/citation,https://ebba.english.ucsb.edu/ballad/36219/citation
20251,35655,,0.08524322008891956,https://ebba.english.ucsb.edu/ballad/20251/citation,https://ebba.english.ucsb.edu/ballad/35655/citation
20251,32878,,0.08523840614812352,https://ebba.english.ucsb.edu/ballad/20251/citation,https://ebba.english.ucsb.edu/ballad/32878/citation
30408,32998,,0.08520471596867053,https://ebba.english.ucsb.edu/ballad/30408/citation,https://ebba.english.ucsb.edu/ballad/32998/citation
20660,30173,,0.08513161631243364,https://ebba.english.ucsb.edu/ballad/20660/citation,https://ebba.english.ucsb.edu/ballad/30173/citation
20655,32785,,0.08512524146900965,https://ebba.english.ucsb.edu/ballad/20655/citation,https://ebba.english.ucsb.edu/ballad/32785/citation
20265,32998,,0.08507587276201335,https://ebba.english.ucsb.edu/ballad/20265/citation,https://ebba.english.ucsb.edu/ballad/32998/citation
30729,36309,,0.08506701057432496,https://ebba.english.ucsb.edu/ballad/30729/citation,https://ebba.english.ucsb.edu/ballad/36309/citation
31713,35128,,0.08505651275729807,https://ebba.english.ucsb.edu/ballad/31713/citation,https://ebba.english.ucsb.edu/ballad/35128/citation
31654,35507,,0.08502460130535527,https://ebba.english.ucsb.edu/ballad/31654/citation,https://ebba.english.ucsb.edu/ballad/35507/citation
31713,32998,,0.08502094939094584,https://ebba.english.ucsb.edu/ballad/31713/citation,https://ebba.english.ucsb.edu/ballad/32998/citation
34420,34595,32,0.08493261297968545,https://ebba.english.ucsb.edu/ballad/34420/citation,https://ebba.english.ucsb.edu/ballad/34595/citation
32348,35138,,0.08484360563299519,https://ebba.english.ucsb.edu/ballad/32348/citation,https://ebba.english.ucsb.edu/ballad/35138/citation
22198,30049,,0.08474875362405504,https://ebba.english.ucsb.edu/ballad/22198/citation,https://ebba.english.ucsb.edu/ballad/30049/citation
32348,34008,,0.08471619634025838,https://ebba.english.ucsb.edu/ballad/32348/citation,https://ebba.english.ucsb.edu/ballad/34008/citation
20265,30660,,0.08469508733571289,https://ebba.english.ucsb.edu/ballad/20265/citation,https://ebba.english.ucsb.edu/ballad/30660/citation
20279,20741,,0.08464984945048824,https://ebba.english.ucsb.edu/ballad/20279/citation,https://ebba.english.ucsb.edu/ballad/20741/citation
20279,35138,,0.08455444893860774,https://ebba.english.ucsb.edu/ballad/20279/citation,https://ebba.english.ucsb.edu/ballad/35138/citation
33989,34420,32,0.0845540078081983,https://ebba.english.ucsb.edu/ballad/33989/citation,https://ebba.english.ucsb.edu/ballad/34420/citation
32457,36165,,0.08455219947584963,https://ebba.english.ucsb.edu/ballad/32457/citation,https://ebba.english.ucsb.edu/ballad/36165/citation
20235,20757,,0.08451454297634572,https://ebba.english.ucsb.edu/ballad/20235/citation,https://ebba.english.ucsb.edu/ballad/20757/citation
20655,35655,,0.08444154934320201,https://ebba.english.ucsb.edu/ballad/20655/citation,https://ebba.english.ucsb.edu/ballad/35655/citation
20279,34008,,0.08442747387128663,https://ebba.english.ucsb.edu/ballad/20279/citation,https://ebba.english.ucsb.edu/ballad/34008/citation
32457,32879,,0.08440211858727056,https://ebba.english.ucsb.edu/ballad/32457/citation,https://ebba.english.ucsb.edu/ballad/32879/citation
30408,35128,,0.08435669505353922,https://ebba.english.ucsb.edu/ballad/30408/citation,https://ebba.english.ucsb.edu/ballad/35128/citation
20757,31786,,0.08430569716500487,https://ebba.english.ucsb.edu/ballad/20757/citation,https://ebba.english.ucsb.edu/ballad/31786/citation
30326,32069,,0.08429798205242743,https://ebba.english.ucsb.edu/ballad/30326/citation,https://ebba.english.ucsb.edu/ballad/32069/citation
34108,34420,32,0.08424956798122607,https://ebba.english.ucsb.edu/ballad/34108/citation,https://ebba.english.ucsb.edu/ballad/34420/citation
32457,32878,,0.08423288001277222,https://ebba.english.ucsb.edu/ballad/32457/citation,https://ebba.english.ucsb.edu/ballad/32878/citation
22198,34606,,0.08419349440083376,https://ebba.english.ucsb.edu/ballad/22198/citation,https://ebba.english.ucsb.edu/ballad/34606/citation
30660,34606,,0.08404836913196458,https://ebba.english.ucsb.edu/ballad/30660/citation,https://ebba.english.ucsb.edu/ballad/34606/citation
20279,21372,,0.08403614419671775,https://ebba.english.ucsb.edu/ballad/20279/citation,https://ebba.english.ucsb.edu/ballad/21372/citation
22373,34108,,0.08392151649180558,https://ebba.english.ucsb.edu/ballad/22373/citation,https://ebba.english.ucsb.edu/ballad/34108/citation
20278,30660,,0.08390918722394616,https://ebba.english.ucsb.edu/ballad/20278/citation,https://ebba.english.ucsb.edu/ballad/30660/citation
30660,34108,,0.08380103408494698,https://ebba.english.ucsb.edu/ballad/30660/citation,https://ebba.english.ucsb.edu/ballad/34108/citation
20757,30389,,0.08377877315021937,https://ebba.english.ucsb.edu/ballad/20757/citation,https://ebba.english.ucsb.edu/ballad/30389/citation
20741,30049,,0.08362897219828884,https://ebba.english.ucsb.edu/ballad/20741/citation,https://ebba.english.ucsb.edu/ballad/30049/citation
22373,33989,,0.08357822058811357,https://ebba.english.ucsb.edu/ballad/22373/citation,https://ebba.english.ucsb.edu/ballad/33989/citation
35507,36309,,0.08354226642570473,https://ebba.english.ucsb.edu/ballad/35507/citation,https://ebba.english.ucsb.edu/ballad/36309/citation
30660,35655,,0.08351035759130354,https://ebba.english.ucsb.edu/ballad/30660/citation,https://ebba.english.ucsb.edu/ballad/35655/citation
20278,31654,,0.08348014589227448,https://ebba.english.ucsb.edu/ballad/20278/citation,https://ebba.english.ucsb.edu/ballad/31654/citation
22373,32069,,0.08347657894253284,https://ebba.english.ucsb.edu/ballad/22373/citation,https://ebba.english.ucsb.edu/ballad/32069/citation
20655,32878,,0.08347165658648391,https://ebba.english.ucsb.edu/ballad/20655/citation,https://ebba.english.ucsb.edu/ballad/32878/citation
30173,32019,,0.08346198826339866,https://ebba.english.ucsb.edu/ballad/30173/citation,https://ebba.english.ucsb.edu/ballad/32019/citation
30173,32785,,0.08345939586301344,https://ebba.english.ucsb.edu/ballad/30173/citation,https://ebba.english.ucsb.edu/ballad/32785/citation
30729,32348,,0.08338402769880104,https://ebba.english.ucsb.edu/ballad/30729/citation,https://ebba.english.ucsb.edu/ballad/32348/citation
30101,30173,,0.08333620323034822,https://ebba.english.ucsb.edu/ballad/30101/citation,https://ebba.english.ucsb.edu/ballad/30173/citation
30173,30729,,0.08312733709739863,https://ebba.english.ucsb.edu/ballad/30173/citation,https://ebba.english.ucsb.edu/ballad/30729/citation
34108,34606,,0.08308011191384355,https://ebba.english.ucsb.edu/ballad/34108/citation,https://ebba.english.ucsb.edu/ballad/34606/citation
20278,34959,,0.08305882594922034,https://ebba.english.ucsb.edu/ballad/20278/citation,https://ebba.english.ucsb.edu/ballad/34959/citation
34108,36165,,0.08285655233329059,https://ebba.english.ucsb.edu/ballad/34108/citation,https://ebba.english.ucsb.edu/ballad/36165/citation
30084,34420,,0.08281932676312512,https://ebba.english.ucsb.edu/ballad/30084/citation,https://ebba.english.ucsb.edu/ballad/34420/citation
32879,34108,,0.08270948123311975,https://ebba.english.ucsb.edu/ballad/32879/citation,https://ebba.english.ucsb.edu/ballad/34108/citation
20655,33906,,0.08257398336017475,https://ebba.english.ucsb.edu/ballad/20655/citation,https://ebba.english.ucsb.edu/ballad/33906/citation
20251,20655,,0.08255254329715166,https://ebba.english.ucsb.edu/ballad/20251/citation,https://ebba.english.ucsb.edu/ballad/20655/citation
34108,35655,,0.08254829839419181,https://ebba.english.ucsb.edu/ballad/34108/citation,https://ebba.english.ucsb.edu/ballad/35655/citation
30173,31713,,0.0824096097511406,https://ebba.english.ucsb.edu/ballad/30173/citation,https://ebba.english.ucsb.edu/ballad/31713/citation
31654,35655,,0.08234088091997264,https://ebba.english.ucsb.edu/ballad/31654/citation,https://ebba.english.ucsb.edu/ballad/35655/citation
30389,34108,32,0.08216165790814753,https://ebba.english.ucsb.edu/ballad/30389/citation,https://ebba.english.ucsb.edu/ballad/34108/citation
20278,32868,,0.08205081005243398,https://ebba.english.ucsb.edu/ballad/20278/citation,https://ebba.english.ucsb.edu/ballad/32868/citation
30408,30660,,0.0819625721576232,https://ebba.english.ucsb.edu/ballad/30408/citation,https://ebba.english.ucsb.edu/ballad/30660/citation
21372,34108,,0.08196167010025251,https://ebba.english.ucsb.edu/ballad/21372/citation,https://ebba.english.ucsb.edu/ballad/34108/citation
32069,35658,,0.08189172369517515,https://ebba.english.ucsb.edu/ballad/32069/citation,https://ebba.english.ucsb.edu/ballad/35658/citation
30232,32348,32,0.08179168750100861,https://ebba.english.ucsb.edu/ballad/30232/citation,https://ebba.english.ucsb.edu/ballad/32348/citation
20757,34605,,0.08172372619062232,https://ebba.english.ucsb.edu/ballad/20757/citation,https://ebba.english.ucsb.edu/ballad/34605/citation
30660,32069,,0.08162103145967547,https://ebba.english.ucsb.edu/ballad/30660/citation,https://ebba.english.ucsb.edu/ballad/32069/citation
20655,34604,,0.08161955914404932,https://ebba.english.ucsb.edu/ballad/20655/citation,https://ebba.english.ucsb.edu/ballad/34604/citation
20655,35507,,0.08156360024920582,https://ebba.english.ucsb.edu/ballad/20655/citation,https://ebba.english.ucsb.edu/ballad/35507/citation
20235,34420,,0.08155275842329855,https://ebba.english.ucsb.edu/ballad/20235/citation,https://ebba.english.ucsb.edu/ballad/34420/citation
22373,32348,,0.08139256655797958,https://ebba.english.ucsb.edu/ballad/22373/citation,https://ebba.english.ucsb.edu/ballad/32348/citation
34108,35138,,0.08138885416985844,https://ebba.english.ucsb.edu/ballad/34108/citation,https://ebba.english.ucsb.edu/ballad/35138/citation
31654,32069,,0.08137597753045231,https://ebba.english.ucsb.edu/ballad/31654/citation,https://ebba.english.ucsb.edu/ballad/32069/citation
20279,34420,,0.0813515791892003,https://ebba.english.ucsb.edu/ballad/20279/citation,https://ebba.english.ucsb.edu/ballad/34420/citation
20278,30232,,0.0813159431082388,https://ebba.english.ucsb.edu/ballad/20278/citation,https://ebba.english.ucsb.edu/ballad/30232/citation
21372,31654,18,0.08128741889661184,https://ebba.english.ucsb.edu/ballad/21372/citation,https://ebba.english.ucsb.edu/ballad/31654/citation
34008,34108,,0.08126663286314857,https://ebba.english.ucsb.edu/ballad/34008/citation,https://ebba.english.ucsb.edu/ballad/34108/citation
30173,30610,,0.08124968649163647,https://ebba.english.ucsb.edu/ballad/30173/citation,https://ebba.english.ucsb.edu/ballad/30610/citation
31689,35658,,0.08123052861306479,https://ebba.english.ucsb.edu/ballad/31689/citation,https://ebba.english.ucsb.edu/ballad/35658/citation
31654,35138,18,0.08108827113545622,https://ebba.english.ucsb.edu/ballad/31654/citation,https://ebba.english.ucsb.edu/ballad/35138/citation
22373,36219,,0.08099688648172416,https://ebba.english.ucsb.edu/ballad/22373/citation,https://ebba.english.ucsb.edu/ballad/36219/citation
31654,34008,18,0.08096650121304971,https://ebba.english.ucsb.edu/ballad/31654/citation,https://ebba.english.ucsb.edu/ballad/34008/citation
32069,32998,,0.08089556817920644,https://ebba.english.ucsb.edu/ballad/32069/citation,https://ebba.english.ucsb.edu/ballad/32998/citation
21372,31631,,0.08087203818880091,https://ebba.english.ucsb.edu/ballad/21372/citation,https://ebba.english.ucsb.edu/ballad/31631/citation
30408,31654,,0.08086431037536858,https://ebba.english.ucsb.edu/ballad/30408/citation,https://ebba.english.ucsb.edu/ballad/31654/citation
30660,36165,,0.0808334272230084,https://ebba.english.ucsb.edu/ballad/30660/citation,https://ebba.english.ucsb.edu/ballad/36165/citation
20229,34605,,0.08073665425461458,https://ebba.english.ucsb.edu/ballad/20229/citation,https://ebba.english.ucsb.edu/ballad/34605/citation
30660,32879,,0.08068994718748332,https://ebba.english.ucsb.edu/ballad/30660/citation,https://ebba.english.ucsb.edu/ballad/32879/citation
20655,32069,,0.0806839211078091,https://ebba.english.ucsb.edu/ballad/20655/citation,https://ebba.english.ucsb.edu/ballad/32069/citation
20655,31713,,0.08063578209314917,https://ebba.english.ucsb.edu/ballad/20655/citation,https://ebba.english.ucsb.edu/ballad/31713/citation
22373,34595,,0.08062785425248596,https://ebba.english.ucsb.edu/ballad/22373/citation,https://ebba.english.ucsb.edu/ballad/34595/citation
20278,34400,,0.0806228059657748,https://ebba.english.ucsb.edu/ballad/20278/citation,https://ebba.english.ucsb.edu/ballad/34400/citation
20251,34605,,0.08056510310586429,https://ebba.english.ucsb.edu/ballad/20251/citation,https://ebba.english.ucsb.edu/ballad/34605/citation
30660,32878,,0.08052815205879545,https://ebba.english.ucsb.edu/ballad/30660/citation,https://ebba.english.ucsb.edu/ballad/32878/citation
20655,34606,,0.08048750138580045,https://ebba.english.ucsb.edu/ballad/20655/citation,https://ebba.english.ucsb.edu/ballad/34606/citation
20655,30408,,0.0803950503275961,https://ebba.english.ucsb.edu/ballad/20655/citation,https://ebba.english.ucsb.edu/ballad/30408/citation
22373,30408,,0.08032774130397617,https://ebba.english.ucsb.edu/ballad/22373/citation,https://ebba.english.ucsb.edu/ballad/30408/citation
30326,34606,,0.08029189638497107,https://ebba.english.ucsb.edu/ballad/30326/citation,https://ebba.english.ucsb.edu/ballad/34606/citation
20741,32020,,0.08028065007904411,https://ebba.english.ucsb.edu/ballad/20741/citation,https://ebba.english.ucsb.edu/ballad/32020/citation
31689,35128,,0.08027598062887419,https://ebba.english.ucsb.edu/ballad/31689/citation,https://ebba.english.ucsb.edu/ballad/35128/citation
31689,32998,,0.08024241607260633,https://ebba.english.ucsb.edu/ballad/31689/citation,https://ebba.english.ucsb.edu/ballad/32998/citation
20265,34959,,0.08021201238980297,https://ebba.english.ucsb.edu/ballad/20265/citation,https://ebba.english.ucsb.edu/ballad/34959/citation
30610,31631,,0.08020490526694736,https://ebba.english.ucsb.edu/ballad/30610/citation,https://ebba.english.ucsb.edu/ballad/31631/citation
30173,35475,,0.08014791332723882,https://ebba.english.ucsb.edu/ballad/30173/citation,https://ebba.english.ucsb.edu/ballad/35475/citation
30173,31689,,0.08009210630618384,https://ebba.english.ucsb.edu/ballad/30173/citation,https://ebba.english.ucsb.edu/ballad/31689/citation
20741,35658,,0.08006564785515269,https://ebba.english.ucsb.edu/ballad/20741/citation,https://ebba.english.ucsb.edu/ballad/35658/citation
30173,36309,32,0.08005456404550369,https://ebba.english.ucsb.edu/ballad/30173/citation,https://ebba.english.ucsb.edu/ballad/36309/citation
34606,34959,,0.08003507691275626,https://ebba.english.ucsb.edu/ballad/34606/citation,https://ebba.english.ucsb.edu/ballad/34959/citation
32069,35128,,0.0800127502710398,https://ebba.english.ucsb.edu/ballad/32069/citation,https://ebba.english.ucsb.edu/ballad/35128/citation
20235,34108,,0.07997860870409577,https://ebba.english.ucsb.edu/ballad/20235/citation,https://ebba.english.ucsb.edu/ballad/34108/citation
20741,31268,,0.07992631084546528,https://ebba.english.ucsb.edu/ballad/20741/citation,https://ebba.english.ucsb.edu/ballad/31268/citation
20229,30173,,0.07975541452478789,https://ebba.english.ucsb.edu/ballad/20229/citation,https://ebba.english.ucsb.edu/ballad/30173/citation
20265,32868,,0.07974914183282938,https://ebba.english.ucsb.edu/ballad/20265/citation,https://ebba.english.ucsb.edu/ballad/32868/citation
20229,34604,,0.07962394663152997,https://ebba.english.ucsb.edu/ballad/20229/citation,https://ebba.english.ucsb.edu/ballad/34604/citation
30049,34108,,0.07961130910023986,https://ebba.english.ucsb.edu/ballad/30049/citation,https://ebba.english.ucsb.edu/ballad/34108/citation
34959,35655,,0.07952275531173686,https://ebba.english.ucsb.edu/ballad/34959/citation,https://ebba.english.ucsb.edu/ballad/35655/citation
31654,32440,,0.07949748611767321,https://ebba.english.ucsb.edu/ballad/31654/citation,https://ebba.english.ucsb.edu/ballad/32440/citation
31654,31673,,0.07943821118582597,https://ebba.english.ucsb.edu/ballad/31654/citation,https://ebba.english.ucsb.edu/ballad/31673/citation
20741,35128,,0.07912478850008065,https://ebba.english.ucsb.edu/ballad/20741/citation,https://ebba.english.ucsb.edu/ballad/35128/citation
20741,32998,,0.07909170527400244,https://ebba.english.ucsb.edu/ballad/20741/citation,https://ebba.english.ucsb.edu/ballad/32998/citation
21372,30232,,0.07908772908818948,https://ebba.english.ucsb.edu/ballad/21372/citation,https://ebba.english.ucsb.edu/ballad/30232/citation
30173,31268,,0.07902571312812419,https://ebba.english.ucsb.edu/ballad/30173/citation,https://ebba.english.ucsb.edu/ballad/31268/citation
30408,34959,,0.0789441185178426,https://ebba.english.ucsb.edu/ballad/30408/citation,https://ebba.english.ucsb.edu/ballad/34959/citation
31631,35138,,0.0789326180029668,https://ebba.english.ucsb.edu/ballad/31631/citation,https://ebba.english.ucsb.edu/ballad/35138/citation
20660,32785,,0.07881594826287427,https://ebba.english.ucsb.edu/ballad/20660/citation,https://ebba.english.ucsb.edu/ballad/32785/citation
31631,34008,,0.0788140852159808,https://ebba.english.ucsb.edu/ballad/31631/citation,https://ebba.english.ucsb.edu/ballad/34008/citation
20251,34604,,0.07880954613774135,https://ebba.english.ucsb.edu/ballad/20251/citation,https://ebba.english.ucsb.edu/ballad/34604/citation
30173,32020,,0.07880340761167141,https://ebba.english.ucsb.edu/ballad/30173/citation,https://ebba.english.ucsb.edu/ballad/32020/citation
30613,32348,,0.07879986584595697,https://ebba.english.ucsb.edu/ballad/30613/citation,https://ebba.english.ucsb.edu/ballad/32348/citation
20655,32879,,0.07866564220558063,https://ebba.english.ucsb.edu/ballad/20655/citation,https://ebba.english.ucsb.edu/ballad/32879/citation
32069,34959,,0.07852434933018727,https://ebba.english.ucsb.edu/ballad/32069/citation,https://ebba.english.ucsb.edu/ballad/34959/citation
31654,34605,,0.07849465456039602,https://ebba.english.ucsb.edu/ballad/31654/citation,https://ebba.english.ucsb.edu/ballad/34605/citation
20674,34606,,0.07844107326803952,https://ebba.english.ucsb.edu/ballad/20674/citation,https://ebba.english.ucsb.edu/ballad/34606/citation
31654,34606,,0.0784223638460061,https://ebba.english.ucsb.edu/ballad/31654/citation,https://ebba.english.ucsb.edu/ballad/34606/citation
20265,34605,,0.07839157430040739,https://ebba.english.ucsb.edu/ballad/20265/citation,https://ebba.english.ucsb.edu/ballad/34605/citation
20655,30326,,0.0783727762082317,https://ebba.english.ucsb.edu/ballad/20655/citation,https://ebba.english.ucsb.edu/ballad/30326/citation
30408,32868,,0.07836282046111945,https://ebba.english.ucsb.edu/ballad/30408/citation,https://ebba.english.ucsb.edu/ballad/32868/citation
20265,34604,,0.07835638289010635,https://ebba.english.ucsb.edu/ballad/20265/citation,https://ebba.english.ucsb.edu/ballad/34604/citation
31786,34420,,0.0783089845331754,https://ebba.english.ucsb.edu/ballad/31786/citation,https://ebba.english.ucsb.edu/ballad/34420/citation
30173,31673,,0.07829357623469033,https://ebba.english.ucsb.edu/ballad/30173/citation,https://ebba.english.ucsb.edu/ballad/31673/citation
20674,36165,,0.07822999683790528,https://ebba.english.ucsb.edu/ballad/20674/citation,https://ebba.english.ucsb.edu/ballad/36165/citation
30389,32785,,0.07817688249122863,https://ebba.english.ucsb.edu/ballad/30389/citation,https://ebba.english.ucsb.edu/ballad/32785/citation
20757,34604,,0.07816159654907187,https://ebba.english.ucsb.edu/ballad/20757/citation,https://ebba.english.ucsb.edu/ballad/34604/citation
32069,32868,,0.07814798983531901,https://ebba.english.ucsb.edu/ballad/32069/citation,https://ebba.english.ucsb.edu/ballad/32868/citation
30173,30326,,0.07809770531793364,https://ebba.english.ucsb.edu/ballad/30173/citation,https://ebba.english.ucsb.edu/ballad/30326/citation
20674,32879,,0.0780911379139299,https://ebba.english.ucsb.edu/ballad/20674/citation,https://ebba.english.ucsb.edu/ballad/32879/citation
22373,31673,,0.07804438102562501,https://ebba.english.ucsb.edu/ballad/22373/citation,https://ebba.english.ucsb.edu/ballad/31673/citation
20674,35655,,0.07793895522439513,https://ebba.english.ucsb.edu/ballad/20674/citation,https://ebba.english.ucsb.edu/ballad/35655/citation
20674,32878,,0.07793455377738549,https://ebba.english.ucsb.edu/ballad/20674/citation,https://ebba.english.ucsb.edu/ballad/32878/citation
31631,34420,32,0.07775119624684243,https://ebba.english.ucsb.edu/ballad/31631/citation,https://ebba.english.ucsb.edu/ballad/34420/citation
32785,34605,,0.07773109643967412,https://ebba.english.ucsb.edu/ballad/32785/citation,https://ebba.english.ucsb.edu/ballad/34605/citation
31654,31689,,0.07765523049645798,https://ebba.english.ucsb.edu/ballad/31654/citation,https://ebba.english.ucsb.edu/ballad/31689/citation
34108,34959,,0.07763305196525772,https://ebba.english.ucsb.edu/ballad/34108/citation,https://ebba.english.ucsb.edu/ballad/34959/citation
20674,34604,,0.07757516845329149,https://ebba.english.ucsb.edu/ballad/20674/citation,https://ebba.english.ucsb.edu/ballad/34604/citation
30326,30389,,0.07748542588730258,https://ebba.english.ucsb.edu/ballad/30326/citation,https://ebba.english.ucsb.edu/ballad/30389/citation
30326,36165,,0.07743186120704941,https://ebba.english.ucsb.edu/ballad/30326/citation,https://ebba.english.ucsb.edu/ballad/36165/citation
31673,35658,,0.0773900067837519,https://ebba.english.ucsb.edu/ballad/31673/citation,https://ebba.english.ucsb.edu/ballad/35658/citation
32868,34606,,0.07734703027575421,https://ebba.english.ucsb.edu/ballad/32868/citation,https://ebba.english.ucsb.edu/ballad/34606/citation
30084,31631,,0.07729602219669808,https://ebba.english.ucsb.edu/ballad/30084/citation,https://ebba.english.ucsb.edu/ballad/31631/citation
30326,32879,,0.07729441898075223,https://ebba.english.ucsb.edu/ballad/30326/citation,https://ebba.english.ucsb.edu/ballad/32879/citation
30326,35655,,0.07714378892360693,https://ebba.english.ucsb.edu/ballad/30326/citation,https://ebba.english.ucsb.edu/ballad/35655/citation
30326,32878,,0.07713943238202775,https://ebba.english.ucsb.edu/ballad/30326/citation,https://ebba.english.ucsb.edu/ballad/32878/citation
34420,35507,,0.07712028048676661,https://ebba.english.ucsb.edu/ballad/34420/citation,https://ebba.english.ucsb.edu/ballad/35507/citation
34605,35475,,0.07698124755045582,https://ebba.english.ucsb.edu/ballad/34605/citation,https://ebba.english.ucsb.edu/ballad/35475/citation
22373,31689,,0.07696570964690916,https://ebba.english.ucsb.edu/ballad/22373/citation,https://ebba.english.ucsb.edu/ballad/31689/citation
34959,36165,,0.07686122351383791,https://ebba.english.ucsb.edu/ballad/34959/citation,https://ebba.english.ucsb.edu/ballad/36165/citation
32868,35655,,0.07685191543469312,https://ebba.english.ucsb.edu/ballad/32868/citation,https://ebba.english.ucsb.edu/ballad/35655/citation
22373,30101,,0.07681211035150741,https://ebba.english.ucsb.edu/ballad/22373/citation,https://ebba.english.ucsb.edu/ballad/30101/citation
31786,34108,,0.07674779406165688,https://ebba.english.ucsb.edu/ballad/31786/citation,https://ebba.english.ucsb.edu/ballad/34108/citation
22198,36165,,0.0767374385641188,https://ebba.english.ucsb.edu/ballad/22198/citation,https://ebba.english.ucsb.edu/ballad/36165/citation
32879,34959,,0.07672479417440337,https://ebba.english.ucsb.edu/ballad/32879/citation,https://ebba.english.ucsb.edu/ballad/34959/citation
31713,34604,,0.07663153859751017,https://ebba.english.ucsb.edu/ballad/31713/citation,https://ebba.english.ucsb.edu/ballad/34604/citation
31654,32879,,0.07662567350522864,https://ebba.english.ucsb.edu/ballad/31654/citation,https://ebba.english.ucsb.edu/ballad/32879/citation
20279,30660,,0.07661738189400426,https://ebba.english.ucsb.edu/ballad/20279/citation,https://ebba.english.ucsb.edu/ballad/30660/citation
30232,34420,32,0.07660738148642697,https://ebba.english.ucsb.edu/ballad/30232/citation,https://ebba.english.ucsb.edu/ballad/34420/citation
22198,32879,,0.0766012289440453,https://ebba.english.ucsb.edu/ballad/22198/citation,https://ebba.english.ucsb.edu/ballad/32879/citation
21372,30173,,0.0765759388708032,https://ebba.english.ucsb.edu/ballad/21372/citation,https://ebba.english.ucsb.edu/ballad/30173/citation
32878,34959,,0.07657094975660798,https://ebba.english.ucsb.edu/ballad/32878/citation,https://ebba.english.ucsb.edu/ballad/34959/citation
31673,35128,,0.0764805891518193,https://ebba.english.ucsb.edu/ballad/31673/citation,https://ebba.english.ucsb.edu/ballad/35128/citation
31654,32878,,0.0764720278388513,https://ebba.english.ucsb.edu/ballad/31654/citation,https://ebba.english.ucsb.edu/ballad/32878/citation
22198,35655,,0.07645194976392602,https://ebba.english.ucsb.edu/ballad/22198/citation,https://ebba.english.ucsb.edu/ballad/35655/citation
31673,32998,,0.07644861150398648,https://ebba.english.ucsb.edu/ballad/31673/citation,https://ebba.english.ucsb.edu/ballad/32998/citation
22198,32878,,0.07644763229258317,https://ebba.english.ucsb.edu/ballad/22198/citation,https://ebba.english.ucsb.edu/ballad/32878/citation
31654,34604,,0.0764091995853056,https://ebba.english.ucsb.edu/ballad/31654/citation,https://ebba.english.ucsb.edu/ballad/34604/citation
30173,35138,,0.07621210014031718,https://ebba.english.ucsb.edu/ballad/30173/citation,https://ebba.english.ucsb.edu/ballad/35138/citation
33906,34108,,0.07610171187069262,https://ebba.english.ucsb.edu/ballad/33906/citation,https://ebba.english.ucsb.edu/ballad/34108/citation
30173,34008,,0.07609765274378777,https://ebba.english.ucsb.edu/ballad/30173/citation,https://ebba.english.ucsb.edu/ballad/34008/citation
20278,31631,,0.07607277325450186,https://ebba.english.ucsb.edu/ballad/20278/citation,https://ebba.english.ucsb.edu/ballad/31631/citation
30389,31631,32,0.07590243886052166,https://ebba.english.ucsb.edu/ballad/30389/citation,https://ebba.english.ucsb.edu/ballad/31631/citation
30101,34605,,0.07578413767898773,https://ebba.english.ucsb.edu/ballad/30101/citation,https://ebba.english.ucsb.edu/ballad/34605/citation
22373,35658,,0.07574049483568938,https://ebba.english.ucsb.edu/ballad/22373/citation,https://ebba.english.ucsb.edu/ballad/35658/citation
22373,35507,,0.07572101754262966,https://ebba.english.ucsb.edu/ballad/22373/citation,https://ebba.english.ucsb.edu/ballad/35507/citation
34604,35475,,0.0756891891828889,https://ebba.english.ucsb.edu/ballad/34604/citation,https://ebba.english.ucsb.edu/ballad/35475/citation
20757,36309,,0.07557145501755955,https://ebba.english.ucsb.edu/ballad/20757/citation,https://ebba.english.ucsb.edu/ballad/36309/citation
30389,35658,,0.07542553598948631,https://ebba.english.ucsb.edu/ballad/30389/citation,https://ebba.english.ucsb.edu/ballad/35658/citation
30660,31673,,0.0754118949500405,https://ebba.english.ucsb.edu/ballad/30660/citation,https://ebba.english.ucsb.edu/ballad/31673/citation
20235,22373,,0.07525269336145635,https://ebba.english.ucsb.edu/ballad/20235/citation,https://ebba.english.ucsb.edu/ballad/22373/citation
30173,34605,,0.07522878600040338,https://ebba.english.ucsb.edu/ballad/30173/citation,https://ebba.english.ucsb.edu/ballad/34605/citation
20251,22373,,0.07522324775838693,https://ebba.english.ucsb.edu/ballad/20251/citation,https://ebba.english.ucsb.edu/ballad/22373/citation
22373,30660,,0.07505187531308202,https://ebba.english.ucsb.edu/ballad/22373/citation,https://ebba.english.ucsb.edu/ballad/30660/citation
22373,31786,,0.07499881816059037,https://ebba.english.ucsb.edu/ballad/22373/citation,https://ebba.english.ucsb.edu/ballad/31786/citation
22373,35128,,0.07485046078197308,https://ebba.english.ucsb.edu/ballad/22373/citation,https://ebba.english.ucsb.edu/ballad/35128/citation
22373,32998,,0.07481916471454529,https://ebba.english.ucsb.edu/ballad/22373/citation,https://ebba.english.ucsb.edu/ballad/32998/citation
30408,34108,,0.07475335191707623,https://ebba.english.ucsb.edu/ballad/30408/citation,https://ebba.english.ucsb.edu/ballad/34108/citation
22198,30389,,0.07470025643947964,https://ebba.english.ucsb.edu/ballad/22198/citation,https://ebba.english.ucsb.edu/ballad/30389/citation
32019,34605,,0.0745641019656726,https://ebba.english.ucsb.edu/ballad/32019/citation,https://ebba.english.ucsb.edu/ballad/34605/citation
30389,32998,,0.07450803712231752,https://ebba.english.ucsb.edu/ballad/30389/citation,https://ebba.english.ucsb.edu/ballad/32998/citation
20757,35507,,0.07444104213367558,https://ebba.english.ucsb.edu/ballad/20757/citation,https://ebba.english.ucsb.edu/ballad/35507/citation
32785,34604,,0.07441380386853826,https://ebba.english.ucsb.edu/ballad/32785/citation,https://ebba.english.ucsb.edu/ballad/34604/citation
34400,36309,32,0.07437994402765918,https://ebba.english.ucsb.edu/ballad/34400/citation,https://ebba.english.ucsb.edu/ballad/36309/citation
30660,31689,,0.07436640095882735,https://ebba.english.ucsb.edu/ballad/30660/citation,https://ebba.english.ucsb.edu/ballad/31689/citation
20655,36165,,0.07431956782447878,https://ebba.english.ucsb.edu/ballad/20655/citation,https://ebba.english.ucsb.edu/ballad/36165/citation
31631,32019,,0.07424227807641269,https://ebba.english.ucsb.edu/ballad/31631/citation,https://ebba.english.ucsb.edu/ballad/32019/citation
32868,36165,,0.07418239334816508,https://ebba.english.ucsb.edu/ballad/32868/citation,https://ebba.english.ucsb.edu/ballad/36165/citation
22373,30326,,0.07415933573512191,https://ebba.english.ucsb.edu/ballad/22373/citation,https://ebba.english.ucsb.edu/ballad/30326/citation
20660,30389,,0.07412620762584016,https://ebba.english.ucsb.edu/ballad/20660/citation,https://ebba.english.ucsb.edu/ballad/30389/citation
32868,32879,,0.07405071895554569,https://ebba.english.ucsb.edu/ballad/32868/citation,https://ebba.english.ucsb.edu/ballad/32879/citation
31713,34605,,0.07402894709781824,https://ebba.english.ucsb.edu/ballad/31713/citation,https://ebba.english.ucsb.edu/ballad/34605/citation
32868,34108,,0.07401421224689768,https://ebba.english.ucsb.edu/ballad/32868/citation,https://ebba.english.ucsb.edu/ballad/34108/citation
21372,32785,,0.07398934455968784,https://ebba.english.ucsb.edu/ballad/21372/citation,https://ebba.english.ucsb.edu/ballad/32785/citation
32868,32878,,0.0739022364491065,https://ebba.english.ucsb.edu/ballad/32868/citation,https://ebba.english.ucsb.edu/ballad/32878/citation
30232,30610,,0.0737929796867251,https://ebba.english.ucsb.edu/ballad/30232/citation,https://ebba.english.ucsb.edu/ballad/30610/citation
30084,30232,,0.07379260400703992,https://ebba.english.ucsb.edu/ballad/30084/citation,https://ebba.english.ucsb.edu/ballad/30232/citation
34108,35507,,0.07377084302683916,https://ebba.english.ucsb.edu/ballad/34108/citation,https://ebba.english.ucsb.edu/ballad/35507/citation
20279,34959,,0.07370510933808631,https://ebba.english.ucsb.edu/ballad/20279/citation,https://ebba.english.ucsb.edu/ballad/34959/citation
20655,31673,,0.07361584775100918,https://ebba.english.ucsb.edu/ballad/20655/citation,https://ebba.english.ucsb.edu/ballad/31673/citation
20279,31654,,0.07354758543757349,https://ebba.english.ucsb.edu/ballad/20279/citation,https://ebba.english.ucsb.edu/ballad/31654/citation
34604,35658,,0.0735169696936134,https://ebba.english.ucsb.edu/ballad/34604/citation,https://ebba.english.ucsb.edu/ballad/35658/citation
30729,34606,,0.07334052786269728,https://ebba.english.ucsb.edu/ballad/30729/citation,https://ebba.english.ucsb.edu/ballad/34606/citation
30173,32069,,0.07332819352394022,https://ebba.english.ucsb.edu/ballad/30173/citation,https://ebba.english.ucsb.edu/ballad/32069/citation
32019,34604,,0.07330563165268215,https://ebba.english.ucsb.edu/ballad/32019/citation,https://ebba.english.ucsb.edu/ballad/34604/citation
30660,32440,,0.07330195304250332,https://ebba.english.ucsb.edu/ballad/30660/citation,https://ebba.english.ucsb.edu/ballad/32440/citation
20660,34606,,0.07328259652121122,https://ebba.english.ucsb.edu/ballad/20660/citation,https://ebba.english.ucsb.edu/ballad/34606/citation
20279,32868,,0.07313988444705273,https://ebba.english.ucsb.edu/ballad/20279/citation,https://ebba.english.ucsb.edu/ballad/32868/citation
20660,36165,,0.07308540099315146,https://ebba.english.ucsb.edu/ballad/20660/citation,https://ebba.english.ucsb.edu/ballad/36165/citation
20674,30173,,0.07306657094437063,https://ebba.english.ucsb.edu/ballad/20674/citation,https://ebba.english.ucsb.edu/ballad/30173/citation
20660,32879,,0.0729556737714919,https://ebba.english.ucsb.edu/ballad/20660/citation,https://ebba.english.ucsb.edu/ballad/32879/citation
30389,35128,,0.07291686672788424,https://ebba.english.ucsb.edu/ballad/30389/citation,https://ebba.english.ucsb.edu/ballad/35128/citation
30232,32019,,0.07287055072387155,https://ebba.english.ucsb.edu/ballad/30232/citation,https://ebba.english.ucsb.edu/ballad/32019/citation
20660,35655,,0.07281349898766938,https://ebba.english.ucsb.edu/ballad/20660/citation,https://ebba.english.ucsb.edu/ballad/35655/citation
20660,32878,,0.0728093869905755,https://ebba.english.ucsb.edu/ballad/20660/citation,https://ebba.english.ucsb.edu/ballad/32878/citation
22373,31713,,0.07278867492442542,https://ebba.english.ucsb.edu/ballad/22373/citation,https://ebba.english.ucsb.edu/ballad/31713/citation
30326,30408,,0.07268171835374115,https://ebba.english.ucsb.edu/ballad/30326/citation,https://ebba.english.ucsb.edu/ballad/30408/citation
30101,34604,,0.07266928882637011,https://ebba.english.ucsb.edu/ballad/30101/citation,https://ebba.english.ucsb.edu/ballad/34604/citation
20278,20655,,0.07265559779047115,https://ebba.english.ucsb.edu/ballad/20278/citation,https://ebba.english.ucsb.edu/ballad/20655/citation
34604,35128,,0.07265306450398806,https://ebba.english.ucsb.edu/ballad/34604/citation,https://ebba.english.ucsb.edu/ballad/35128/citation
32998,34604,,0.07262268719993678,https://ebba.english.ucsb.edu/ballad/32998/citation,https://ebba.english.ucsb.edu/ballad/34604/citation
30232,35138,,0.07262240454653746,https://ebba.english.ucsb.edu/ballad/30232/citation,https://ebba.english.ucsb.edu/ballad/35138/citation
30232,30389,32,0.07258454203504526,https://ebba.english.ucsb.edu/ballad/30232/citation,https://ebba.english.ucsb.edu/ballad/30389/citation
31673,34959,,0.07251385272340247,https://ebba.english.ucsb.edu/ballad/31673/citation,https://ebba.english.ucsb.edu/ballad/34959/citation
30232,34008,,0.07251334778107957,https://ebba.english.ucsb.edu/ballad/30232/citation,https://ebba.english.ucsb.edu/ballad/34008/citation
20279,22373,,0.0724290156806121,https://ebba.english.ucsb.edu/ballad/20279/citation,https://ebba.english.ucsb.edu/ballad/22373/citation
31654,36165,,0.07232490403715894,https://ebba.english.ucsb.edu/ballad/31654/citation,https://ebba.english.ucsb.edu/ballad/36165/citation
22373,32440,,0.07229729847042254,https://ebba.english.ucsb.edu/ballad/22373/citation,https://ebba.english.ucsb.edu/ballad/32440/citation
30173,35658,,0.07197291771758273,https://ebba.english.ucsb.edu/ballad/30173/citation,https://ebba.english.ucsb.edu/ballad/35658/citation
31673,32868,,0.07194991268569648,https://ebba.english.ucsb.edu/ballad/31673/citation,https://ebba.english.ucsb.edu/ballad/32868/citation
31654,31713,,0.07191696961043575,https://ebba.english.ucsb.edu/ballad/31654/citation,https://ebba.english.ucsb.edu/ballad/31713/citation
30326,31631,,0.07188008675141494,https://ebba.english.ucsb.edu/ballad/30326/citation,https://ebba.english.ucsb.edu/ballad/31631/citation
20655,31689,,0.0718197439529308,https://ebba.english.ucsb.edu/ballad/20655/citation,https://ebba.english.ucsb.edu/ballad/31689/citation
20265,34108,,0.07177778093700514,https://ebba.english.ucsb.edu/ballad/20265/citation,https://ebba.english.ucsb.edu/ballad/34108/citation
31689,34959,,0.07148103739556859,https://ebba.english.ucsb.edu/ballad/31689/citation,https://ebba.english.ucsb.edu/ballad/34959/citation
20655,32440,,0.07143352764879941,https://ebba.english.ucsb.edu/ballad/20655/citation,https://ebba.english.ucsb.edu/ballad/32440/citation
22373,30049,,0.07141330111132416,https://ebba.english.ucsb.edu/ballad/22373/citation,https://ebba.english.ucsb.edu/ballad/30049/citation
30173,35128,,0.07112715683560095,https://ebba.english.ucsb.edu/ballad/30173/citation,https://ebba.english.ucsb.edu/ballad/35128/citation
30173,32998,,0.07109741753576206,https://ebba.english.ucsb.edu/ballad/30173/citation,https://ebba.english.ucsb.edu/ballad/32998/citation
20757,34108,,0.07107738691179692,https://ebba.english.ucsb.edu/ballad/20757/citation,https://ebba.english.ucsb.edu/ballad/34108/citation
20235,30326,,0.07105942559274811,https://ebba.english.ucsb.edu/ballad/20235/citation,https://ebba.english.ucsb.edu/ballad/30326/citation
30173,34606,,0.07104636431516437,https://ebba.english.ucsb.edu/ballad/30173/citation,https://ebba.english.ucsb.edu/ballad/34606/citation
20278,30610,,0.07103980032913307,https://ebba.english.ucsb.edu/ballad/20278/citation,https://ebba.english.ucsb.edu/ballad/30610/citation
31631,33906,,0.07102051230929866,https://ebba.english.ucsb.edu/ballad/31631/citation,https://ebba.english.ucsb.edu/ballad/33906/citation
20279,35658,,0.07099254443745082,https://ebba.english.ucsb.edu/ballad/20279/citation,https://ebba.english.ucsb.edu/ballad/35658/citation
31631,31786,,0.07092800288140923,https://ebba.english.ucsb.edu/ballad/31631/citation,https://ebba.english.ucsb.edu/ballad/31786/citation
31689,32868,,0.07091829284529182,https://ebba.english.ucsb.edu/ballad/31689/citation,https://ebba.english.ucsb.edu/ballad/32868/citation
33989,34108,32,0.07089744436107163,https://ebba.english.ucsb.edu/ballad/33989/citation,https://ebba.english.ucsb.edu/ballad/34108/citation
30326,31786,,0.07088382902831436,https://ebba.english.ucsb.edu/ballad/30326/citation,https://ebba.english.ucsb.edu/ballad/31786/citation
30173,36165,,0.07085518624570554,https://ebba.english.ucsb.edu/ballad/30173/citation,https://ebba.english.ucsb.edu/ballad/36165/citation
30326,33906,,0.0708230517335042,https://ebba.english.ucsb.edu/ballad/30326/citation,https://ebba.english.ucsb.edu/ballad/33906/citation
30101,31631,,0.07080424878749325,https://ebba.english.ucsb.edu/ballad/30101/citation,https://ebba.english.ucsb.edu/ballad/31631/citation
32440,35658,,0.07078795090799721,https://ebba.english.ucsb.edu/ballad/32440/citation,https://ebba.english.ucsb.edu/ballad/35658/citation
30173,32879,,0.07072941767459666,https://ebba.english.ucsb.edu/ballad/30173/citation,https://ebba.english.ucsb.edu/ballad/32879/citation
31786,32785,67,0.07072804516590979,https://ebba.english.ucsb.edu/ballad/31786/citation,https://ebba.english.ucsb.edu/ballad/32785/citation
22373,35475,,0.0706473911761776,https://ebba.english.ucsb.edu/ballad/22373/citation,https://ebba.english.ucsb.edu/ballad/35475/citation
30173,35655,,0.07059158138102374,https://ebba.english.ucsb.edu/ballad/30173/citation,https://ebba.english.ucsb.edu/ballad/35655/citation
30173,32878,,0.07058759486229402,https://ebba.english.ucsb.edu/ballad/30173/citation,https://ebba.english.ucsb.edu/ballad/32878/citation
30389,34606,,0.07055135449851606,https://ebba.english.ucsb.edu/ballad/30389/citation,https://ebba.english.ucsb.edu/ballad/34606/citation
20741,33906,,0.07053314227630923,https://ebba.english.ucsb.edu/ballad/20741/citation,https://ebba.english.ucsb.edu/ballad/33906/citation
20251,31654,,0.07047954042608442,https://ebba.english.ucsb.edu/ballad/20251/citation,https://ebba.english.ucsb.edu/ballad/31654/citation
32440,34959,,0.07042873568761014,https://ebba.english.ucsb.edu/ballad/32440/citation,https://ebba.english.ucsb.edu/ballad/34959/citation
20278,30729,,0.0704191555886018,https://ebba.english.ucsb.edu/ballad/20278/citation,https://ebba.english.ucsb.edu/ballad/30729/citation
30389,36165,,0.07036150844684624,https://ebba.english.ucsb.edu/ballad/30389/citation,https://ebba.english.ucsb.edu/ballad/36165/citation
30389,32879,,0.07023661615811895,https://ebba.english.ucsb.edu/ballad/30389/citation,https://ebba.english.ucsb.edu/ballad/32879/citation
20279,35128,,0.07015830401894846,https://ebba.english.ucsb.edu/ballad/20279/citation,https://ebba.english.ucsb.edu/ballad/35128/citation
20279,32998,,0.07012896981057812,https://ebba.english.ucsb.edu/ballad/20279/citation,https://ebba.english.ucsb.edu/ballad/32998/citation
30389,35655,,0.07009974022781115,https://ebba.english.ucsb.edu/ballad/30389/citation,https://ebba.english.ucsb.edu/ballad/35655/citation
30389,32878,,0.07009578148482935,https://ebba.english.ucsb.edu/ballad/30389/citation,https://ebba.english.ucsb.edu/ballad/32878/citation
20741,30084,,0.07006322547781896,https://ebba.english.ucsb.edu/ballad/20741/citation,https://ebba.english.ucsb.edu/ballad/30084/citation
22373,34959,,0.0699774920265949,https://ebba.english.ucsb.edu/ballad/22373/citation,https://ebba.english.ucsb.edu/ballad/34959/citation
31268,31631,,0.06993821766428525,https://ebba.english.ucsb.edu/ballad/31268/citation,https://ebba.english.ucsb.edu/ballad/31631/citation
22373,32868,,0.06993058245331664,https://ebba.english.ucsb.edu/ballad/22373/citation,https://ebba.english.ucsb.edu/ballad/32868/citation
32440,32998,,0.0699268650182484,https://ebba.english.ucsb.edu/ballad/32440/citation,https://ebba.english.ucsb.edu/ballad/32998/citation
32440,32868,,0.06986702470477764,https://ebba.english.ucsb.edu/ballad/32440/citation,https://ebba.english.ucsb.edu/ballad/32868/citation
31268,34605,,0.0698115200635816,https://ebba.english.ucsb.edu/ballad/31268/citation,https://ebba.english.ucsb.edu/ballad/34605/citation
30326,34605,,0.06977479831445384,https://ebba.english.ucsb.edu/ballad/30326/citation,https://ebba.english.ucsb.edu/ballad/34605/citation
30408,34604,,0.06976389753662798,https://ebba.english.ucsb.edu/ballad/30408/citation,https://ebba.english.ucsb.edu/ballad/34604/citation
20229,31631,,0.06973910419627925,https://ebba.english.ucsb.edu/ballad/20229/citation,https://ebba.english.ucsb.edu/ballad/31631/citation
32069,34604,,0.0697142116995388,https://ebba.english.ucsb.edu/ballad/32069/citation,https://ebba.english.ucsb.edu/ballad/34604/citation
34605,35658,,0.06970796921423672,https://ebba.english.ucsb.edu/ballad/34605/citation,https://ebba.english.ucsb.edu/ballad/35658/citation
31631,32020,,0.06968885129801593,https://ebba.english.ucsb.edu/ballad/31631/citation,https://ebba.english.ucsb.edu/ballad/32020/citation
32785,35507,67,0.06968255714065667,https://ebba.english.ucsb.edu/ballad/32785/citation,https://ebba.english.ucsb.edu/ballad/35507/citation
22373,30173,,0.06967493809974093,https://ebba.english.ucsb.edu/ballad/22373/citation,https://ebba.english.ucsb.edu/ballad/30173/citation
31631,35475,,0.06962614101402406,https://ebba.english.ucsb.edu/ballad/31631/citation,https://ebba.english.ucsb.edu/ballad/35475/citation
32020,34605,,0.0695536715188513,https://ebba.english.ucsb.edu/ballad/32020/citation,https://ebba.english.ucsb.edu/ballad/34605/citation
20757,31631,,0.06954025807029113,https://ebba.english.ucsb.edu/ballad/20757/citation,https://ebba.english.ucsb.edu/ballad/31631/citation
30173,34108,32,0.0694867529119019,https://ebba.english.ucsb.edu/ballad/30173/citation,https://ebba.english.ucsb.edu/ballad/34108/citation
30101,30232,,0.0694403644588801,https://ebba.english.ucsb.edu/ballad/30101/citation,https://ebba.english.ucsb.edu/ballad/30232/citation
30610,32785,,0.06939746302364762,https://ebba.english.ucsb.edu/ballad/30610/citation,https://ebba.english.ucsb.edu/ballad/32785/citation
20235,32785,67,0.06930729882272653,https://ebba.english.ucsb.edu/ballad/20235/citation,https://ebba.english.ucsb.edu/ballad/32785/citation
30173,31654,,0.0692608454781984,https://ebba.english.ucsb.edu/ballad/30173/citation,https://ebba.english.ucsb.edu/ballad/31654/citation
32785,33906,67,0.06920305066744503,https://ebba.english.ucsb.edu/ballad/32785/citation,https://ebba.english.ucsb.edu/ballad/33906/citation
20757,32348,,0.06915370316200671,https://ebba.english.ucsb.edu/ballad/20757/citation,https://ebba.english.ucsb.edu/ballad/32348/citation
32440,35128,,0.06909566445039705,https://ebba.english.ucsb.edu/ballad/32440/citation,https://ebba.english.ucsb.edu/ballad/35128/citation
30326,35507,,0.06908966931983462,https://ebba.english.ucsb.edu/ballad/30326/citation,https://ebba.english.ucsb.edu/ballad/35507/citation
22373,34606,35,0.06908741648186546,https://ebba.english.ucsb.edu/ballad/22373/citation,https://ebba.english.ucsb.edu/ballad/34606/citation
30729,36165,,0.06891860188309795,https://ebba.english.ucsb.edu/ballad/30729/citation,https://ebba.english.ucsb.edu/ballad/36165/citation
30173,34604,,0.06891670868096358,https://ebba.english.ucsb.edu/ballad/30173/citation,https://ebba.english.ucsb.edu/ballad/34604/citation
22373,36165,35,0.06890150972880056,https://ebba.english.ucsb.edu/ballad/22373/citation,https://ebba.english.ucsb.edu/ballad/36165/citation
34605,35128,,0.0688888239663654,https://ebba.english.ucsb.edu/ballad/34605/citation,https://ebba.english.ucsb.edu/ballad/35128/citation
32998,34605,,0.06886002054608785,https://ebba.english.ucsb.edu/ballad/32998/citation,https://ebba.english.ucsb.edu/ballad/34605/citation
30232,31786,,0.06881216656364945,https://ebba.english.ucsb.edu/ballad/30232/citation,https://ebba.english.ucsb.edu/ballad/31786/citation
30232,33906,,0.06879993636329214,https://ebba.english.ucsb.edu/ballad/30232/citation,https://ebba.english.ucsb.edu/ballad/33906/citation
30729,32879,,0.0687962707660559,https://ebba.english.ucsb.edu/ballad/30729/citation,https://ebba.english.ucsb.edu/ballad/32879/citation
22373,32879,35,0.06877920895048087,https://ebba.english.ucsb.edu/ballad/22373/citation,https://ebba.english.ucsb.edu/ballad/32879/citation
22373,31268,,0.06872150115626174,https://ebba.english.ucsb.edu/ballad/22373/citation,https://ebba.english.ucsb.edu/ballad/31268/citation
34108,36219,32,0.06870775917876819,https://ebba.english.ucsb.edu/ballad/34108/citation,https://ebba.english.ucsb.edu/ballad/36219/citation
20655,30173,,0.06870533704205382,https://ebba.english.ucsb.edu/ballad/20655/citation,https://ebba.english.ucsb.edu/ballad/30173/citation
30729,35655,,0.06866220175650095,https://ebba.english.ucsb.edu/ballad/30729/citation,https://ebba.english.ucsb.edu/ballad/35655/citation
30729,32878,,0.06865832419563646,https://ebba.english.ucsb.edu/ballad/30729/citation,https://ebba.english.ucsb.edu/ballad/32878/citation
34605,36219,,0.06864596134156538,https://ebba.english.ucsb.edu/ballad/34605/citation,https://ebba.english.ucsb.edu/ballad/36219/citation
20278,35138,,0.06864583568804108,https://ebba.english.ucsb.edu/ballad/20278/citation,https://ebba.english.ucsb.edu/ballad/35138/citation
22373,35655,35,0.06864517319070369,https://ebba.english.ucsb.edu/ballad/22373/citation,https://ebba.english.ucsb.edu/ballad/35655/citation
22373,32878,35,0.06864129659149348,https://ebba.english.ucsb.edu/ballad/22373/citation,https://ebba.english.ucsb.edu/ballad/32878/citation
30408,34605,,0.06862863726354412,https://ebba.english.ucsb.edu/ballad/30408/citation,https://ebba.english.ucsb.edu/ballad/34605/citation
32069,34605,,0.0685737085391317,https://ebba.english.ucsb.edu/ballad/32069/citation,https://ebba.english.ucsb.edu/ballad/34605/citation
20278,34008,,0.06854275051964107,https://ebba.english.ucsb.edu/ballad/20278/citation,https://ebba.english.ucsb.edu/ballad/34008/citation
30173,30408,,0.0684811354967449,https://ebba.english.ucsb.edu/ballad/30173/citation,https://ebba.english.ucsb.edu/ballad/30408/citation
20674,34605,,0.06844497110845112,https://ebba.english.ucsb.edu/ballad/20674/citation,https://ebba.english.ucsb.edu/ballad/34605/citation
22373,36309,,0.06841432154381155,https://ebba.english.ucsb.edu/ballad/22373/citation,https://ebba.english.ucsb.edu/ballad/36309/citation
31268,34604,,0.06840237704249794,https://ebba.english.ucsb.edu/ballad/31268/citation,https://ebba.english.ucsb.edu/ballad/34604/citation
20741,34606,,0.0683971919338097,https://ebba.english.ucsb.edu/ballad/20741/citation,https://ebba.english.ucsb.edu/ballad/34606/citation
34108,34595,32,0.06839471779363517,https://ebba.english.ucsb.edu/ballad/34108/citation,https://ebba.english.ucsb.edu/ballad/34595/citation
20229,30232,,0.06839102460746703,https://ebba.english.ucsb.edu/ballad/20229/citation,https://ebba.english.ucsb.edu/ballad/30232/citation
31673,34604,,0.06835539643783353,https://ebba.english.ucsb.edu/ballad/31673/citation,https://ebba.english.ucsb.edu/ballad/34604/citation
34595,34605,,0.0683332015153245,https://ebba.english.ucsb.edu/ballad/34595/citation,https://ebba.english.ucsb.edu/ballad/34605/citation
30232,31268,,0.06830308619109203,https://ebba.english.ucsb.edu/ballad/30232/citation,https://ebba.english.ucsb.edu/ballad/31268/citation
32457,33989,,0.06827647741626854,https://ebba.english.ucsb.edu/ballad/32457/citation,https://ebba.english.ucsb.edu/ballad/33989/citation
20279,20655,,0.06820952315266078,https://ebba.english.ucsb.edu/ballad/20279/citation,https://ebba.english.ucsb.edu/ballad/20655/citation
30232,30326,,0.06815568896727663,https://ebba.english.ucsb.edu/ballad/30232/citation,https://ebba.english.ucsb.edu/ballad/30326/citation
32020,34604,,0.06814386183686227,https://ebba.english.ucsb.edu/ballad/32020/citation,https://ebba.english.ucsb.edu/ballad/34604/citation
20757,30232,,0.0681003943835426,https://ebba.english.ucsb.edu/ballad/20757/citation,https://ebba.english.ucsb.edu/ballad/30232/citation
30232,32020,,0.06805509584868606,https://ebba.english.ucsb.edu/ballad/30232/citation,https://ebba.english.ucsb.edu/ballad/32020/citation
30232,35475,,0.06800200739586654,https://ebba.english.ucsb.edu/ballad/30232/citation,https://ebba.english.ucsb.edu/ballad/35475/citation
30610,36309,,0.06796601758920892,https://ebba.english.ucsb.edu/ballad/30610/citation,https://ebba.english.ucsb.edu/ballad/36309/citation
31786,35658,,0.06795970237610834,https://ebba.english.ucsb.edu/ballad/31786/citation,https://ebba.english.ucsb.edu/ballad/35658/citation
20741,34400,,0.06789731337899933,https://ebba.english.ucsb.edu/ballad/20741/citation,https://ebba.english.ucsb.edu/ballad/34400/citation
22373,32457,,0.06783765207991209,https://ebba.english.ucsb.edu/ballad/22373/citation,https://ebba.english.ucsb.edu/ballad/32457/citation
20655,36309,,0.06769496264330785,https://ebba.english.ucsb.edu/ballad/20655/citation,https://ebba.english.ucsb.edu/ballad/36309/citation
32440,34604,,0.06759633875837676,https://ebba.english.ucsb.edu/ballad/32440/citation,https://ebba.english.ucsb.edu/ballad/34604/citation
20279,34604,,0.06745011153596189,https://ebba.english.ucsb.edu/ballad/20279/citation,https://ebba.english.ucsb.edu/ballad/34604/citation
20235,35658,,0.06740108400131942,https://ebba.english.ucsb.edu/ballad/20235/citation,https://ebba.english.ucsb.edu/ballad/35658/citation
34604,36309,,0.0674008686638162,https://ebba.english.ucsb.edu/ballad/34604/citation,https://ebba.english.ucsb.edu/ballad/36309/citation
31673,34605,,0.06724377283483876,https://ebba.english.ucsb.edu/ballad/31673/citation,https://ebba.english.ucsb.edu/ballad/34605/citation
31786,35128,,0.06716110118494399,https://ebba.english.ucsb.edu/ballad/31786/citation,https://ebba.english.ucsb.edu/ballad/35128/citation
30660,32785,,0.06714374916400151,https://ebba.english.ucsb.edu/ballad/30660/citation,https://ebba.english.ucsb.edu/ballad/32785/citation
31786,32998,,0.06713302015071587,https://ebba.english.ucsb.edu/ballad/31786/citation,https://ebba.english.ucsb.edu/ballad/32998/citation
31631,35507,,0.06701583612349196,https://ebba.english.ucsb.edu/ballad/31631/citation,https://ebba.english.ucsb.edu/ballad/35507/citation
31689,34108,,0.06698140780481092,https://ebba.english.ucsb.edu/ballad/31689/citation,https://ebba.english.ucsb.edu/ballad/34108/citation
21372,32878,,0.06688068772802228,https://ebba.english.ucsb.edu/ballad/21372/citation,https://ebba.english.ucsb.edu/ballad/32878/citation
31673,34108,,0.06687454058879846,https://ebba.english.ucsb.edu/ballad/31673/citation,https://ebba.english.ucsb.edu/ballad/34108/citation
30173,30613,,0.06679523479669439,https://ebba.english.ucsb.edu/ballad/30173/citation,https://ebba.english.ucsb.edu/ballad/30613/citation
22373,32020,,0.06667319233836344,https://ebba.english.ucsb.edu/ballad/22373/citation,https://ebba.english.ucsb.edu/ballad/32020/citation
20235,35128,,0.06660904718998478,https://ebba.english.ucsb.edu/ballad/20235/citation,https://ebba.english.ucsb.edu/ballad/35128/citation
20235,32998,,0.06658119697756952,https://ebba.english.ucsb.edu/ballad/20235/citation,https://ebba.english.ucsb.edu/ballad/32998/citation
35507,35658,,0.06647978085242351,https://ebba.english.ucsb.edu/ballad/35507/citation,https://ebba.english.ucsb.edu/ballad/35658/citation
34605,36309,,0.06645771084462185,https://ebba.english.ucsb.edu/ballad/34605/citation,https://ebba.english.ucsb.edu/ballad/36309/citation
20235,31631,,0.06643777580338302,https://ebba.english.ucsb.edu/ballad/20235/citation,https://ebba.english.ucsb.edu/ballad/31631/citation
32785,35138,,0.06642864524314261,https://ebba.english.ucsb.edu/ballad/32785/citation,https://ebba.english.ucsb.edu/ballad/35138/citation
32785,34008,,0.0663288896204914,https://ebba.english.ucsb.edu/ballad/32785/citation,https://ebba.english.ucsb.edu/ballad/34008/citation
32457,36219,,0.06616774144918806,https://ebba.english.ucsb.edu/ballad/32457/citation,https://ebba.english.ucsb.edu/ballad/36219/citation
32785,32879,,0.06594901185816367,https://ebba.english.ucsb.edu/ballad/32785/citation,https://ebba.english.ucsb.edu/ballad/32879/citation
32457,34595,,0.06586627271142173,https://ebba.english.ucsb.edu/ballad/32457/citation,https://ebba.english.ucsb.edu/ballad/34595/citation
32440,34605,,0.06581214061346925,https://ebba.english.ucsb.edu/ballad/32440/citation,https://ebba.english.ucsb.edu/ballad/34605/citation
33906,35658,,0.06576907687066448,https://ebba.english.ucsb.edu/ballad/33906/citation,https://ebba.english.ucsb.edu/ballad/35658/citation
31689,34604,,0.06570406851775111,https://ebba.english.ucsb.edu/ballad/31689/citation,https://ebba.english.ucsb.edu/ballad/34604/citation
35128,35507,,0.0656985703656078,https://ebba.english.ucsb.edu/ballad/35128/citation,https://ebba.english.ucsb.edu/ballad/35507/citation
32998,35507,,0.06567110083680879,https://ebba.english.ucsb.edu/ballad/32998/citation,https://ebba.english.ucsb.edu/ballad/35507/citation
20279,34605,,0.06566581276567911,https://ebba.english.ucsb.edu/ballad/20279/citation,https://ebba.english.ucsb.edu/ballad/34605/citation
20229,22373,,0.06563756693198691,https://ebba.english.ucsb.edu/ballad/20229/citation,https://ebba.english.ucsb.edu/ballad/22373/citation
35138,36309,,0.06561512979032834,https://ebba.english.ucsb.edu/ballad/35138/citation,https://ebba.english.ucsb.edu/ballad/36309/citation
34008,36309,,0.06551659582047821,https://ebba.english.ucsb.edu/ballad/34008/citation,https://ebba.english.ucsb.edu/ballad/36309/citation
32785,35658,,0.06534697829121079,https://ebba.english.ucsb.edu/ballad/32785/citation,https://ebba.english.ucsb.edu/ballad/35658/citation
34604,34959,,0.06528327608204841,https://ebba.english.ucsb.edu/ballad/34604/citation,https://ebba.english.ucsb.edu/ballad/34959/citation
32868,34604,,0.06523951328726217,https://ebba.english.ucsb.edu/ballad/32868/citation,https://ebba.english.ucsb.edu/ballad/34604/citation
20279,34108,,0.0650724307848781,https://ebba.english.ucsb.edu/ballad/20279/citation,https://ebba.english.ucsb.edu/ballad/34108/citation
33906,35128,,0.06499621793670365,https://ebba.english.ucsb.edu/ballad/33906/citation,https://ebba.english.ucsb.edu/ballad/35128/citation
32998,33906,,0.06496904207168096,https://ebba.english.ucsb.edu/ballad/32998/citation,https://ebba.english.ucsb.edu/ballad/33906/citation
30232,35507,,0.06491073573057093,https://ebba.english.ucsb.edu/ballad/30232/citation,https://ebba.english.ucsb.edu/ballad/35507/citation
20235,20741,,0.0646991529378099,https://ebba.english.ucsb.edu/ballad/20235/citation,https://ebba.english.ucsb.edu/ballad/20741/citation
31689,34605,,0.06462969707221,https://ebba.english.ucsb.edu/ballad/31689/citation,https://ebba.english.ucsb.edu/ballad/34605/citation
32785,35128,,0.0645790794794482,https://ebba.english.ucsb.edu/ballad/32785/citation,https://ebba.english.ucsb.edu/ballad/35128/citation
32785,32998,,0.06455207802608773,https://ebba.english.ucsb.edu/ballad/32785/citation,https://ebba.english.ucsb.edu/ballad/32998/citation
22373,30729,,0.06452753583935787,https://ebba.english.ucsb.edu/ballad/22373/citation,https://ebba.english.ucsb.edu/ballad/30729/citation
32440,34108,,0.06442487047540946,https://ebba.english.ucsb.edu/ballad/32440/citation,https://ebba.english.ucsb.edu/ballad/34108/citation
30049,34606,,0.06442422916139987,https://ebba.english.ucsb.edu/ballad/30049/citation,https://ebba.english.ucsb.edu/ballad/34606/citation
20235,30232,,0.06429762044036652,https://ebba.english.ucsb.edu/ballad/20235/citation,https://ebba.english.ucsb.edu/ballad/30232/citation
30049,36165,,0.06425087054022101,https://ebba.english.ucsb.edu/ballad/30049/citation,https://ebba.english.ucsb.edu/ballad/36165/citation
20229,34606,,0.06423884445824912,https://ebba.english.ucsb.edu/ballad/20229/citation,https://ebba.english.ucsb.edu/ballad/34606/citation
30049,32879,,0.06413682468686142,https://ebba.english.ucsb.edu/ballad/30049/citation,https://ebba.english.ucsb.edu/ballad/32879/citation
34606,35138,,0.06407193652351177,https://ebba.english.ucsb.edu/ballad/34606/citation,https://ebba.english.ucsb.edu/ballad/35138/citation
20229,36165,,0.06406598468722251,https://ebba.english.ucsb.edu/ballad/20229/citation,https://ebba.english.ucsb.edu/ballad/36165/citation
30049,35655,,0.06401183592706354,https://ebba.english.ucsb.edu/ballad/30049/citation,https://ebba.english.ucsb.edu/ballad/35655/citation
30049,32878,,0.0640082209863319,https://ebba.english.ucsb.edu/ballad/30049/citation,https://ebba.english.ucsb.edu/ballad/32878/citation
20278,21372,,0.06398010024723484,https://ebba.english.ucsb.edu/ballad/20278/citation,https://ebba.english.ucsb.edu/ballad/21372/citation
34008,34606,,0.06397571996062723,https://ebba.english.ucsb.edu/ballad/34008/citation,https://ebba.english.ucsb.edu/ballad/34606/citation
20229,32879,,0.0639522670078581,https://ebba.english.ucsb.edu/ballad/20229/citation,https://ebba.english.ucsb.edu/ballad/32879/citation
35138,36165,,0.0638995258836553,https://ebba.english.ucsb.edu/ballad/35138/citation,https://ebba.english.ucsb.edu/ballad/36165/citation
20229,35655,,0.06382763791094538,https://ebba.english.ucsb.edu/ballad/20229/citation,https://ebba.english.ucsb.edu/ballad/35655/citation
21372,36309,,0.0638260682700706,https://ebba.english.ucsb.edu/ballad/21372/citation,https://ebba.english.ucsb.edu/ballad/36309/citation
20229,32878,,0.06382403337242917,https://ebba.english.ucsb.edu/ballad/20229/citation,https://ebba.english.ucsb.edu/ballad/32878/citation
34008,36165,,0.06380356822911772,https://ebba.english.ucsb.edu/ballad/34008/citation,https://ebba.english.ucsb.edu/ballad/36165/citation
32879,35138,,0.06378610367011327,https://ebba.english.ucsb.edu/ballad/32879/citation,https://ebba.english.ucsb.edu/ballad/35138/citation
32879,34008,,0.06369031634124606,https://ebba.english.ucsb.edu/ballad/32879/citation,https://ebba.english.ucsb.edu/ballad/34008/citation
33989,34605,,0.06366285596848893,https://ebba.english.ucsb.edu/ballad/33989/citation,https://ebba.english.ucsb.edu/ballad/34605/citation
35138,35655,,0.06366179838950435,https://ebba.english.ucsb.edu/ballad/35138/citation,https://ebba.english.ucsb.edu/ballad/35655/citation
34008,35655,,0.06356619772936449,https://ebba.english.ucsb.edu/ballad/34008/citation,https://ebba.english.ucsb.edu/ballad/35655/citation
32785,34108,,0.06327752480737939,https://ebba.english.ucsb.edu/ballad/32785/citation,https://ebba.english.ucsb.edu/ballad/34108/citation
22373,32019,,0.06309879231376564,https://ebba.english.ucsb.edu/ballad/22373/citation,https://ebba.english.ucsb.edu/ballad/32019/citation
20265,32878,,0.06288168025911195,https://ebba.english.ucsb.edu/ballad/20265/citation,https://ebba.english.ucsb.edu/ballad/32878/citation
30101,33989,,0.06223393379936042,https://ebba.english.ucsb.edu/ballad/30101/citation,https://ebba.english.ucsb.edu/ballad/33989/citation
21372,34606,,0.06217200267882298,https://ebba.english.ucsb.edu/ballad/21372/citation,https://ebba.english.ucsb.edu/ballad/34606/citation
21372,36165,,0.062004704555110424,https://ebba.english.ucsb.edu/ballad/21372/citation,https://ebba.english.ucsb.edu/ballad/36165/citation
21372,32879,,0.06189464566588696,https://ebba.english.ucsb.edu/ballad/21372/citation,https://ebba.english.ucsb.edu/ballad/32879/citation
20741,35507,,0.06179261764763569,https://ebba.english.ucsb.edu/ballad/20741/citation,https://ebba.english.ucsb.edu/ballad/35507/citation
21372,35655,,0.061774026426663985,https://ebba.english.ucsb.edu/ballad/21372/citation,https://ebba.english.ucsb.edu/ballad/35655/citation
20655,20741,,0.061688913152882933,https://ebba.english.ucsb.edu/ballad/20655/citation,https://ebba.english.ucsb.edu/ballad/20741/citation
30729,34604,,0.06159641096470274,https://ebba.english.ucsb.edu/ballad/30729/citation,https://ebba.english.ucsb.edu/ballad/34604/citation
32878,35138,,0.061318102052659834,https://ebba.english.ucsb.edu/ballad/32878/citation,https://ebba.english.ucsb.edu/ballad/35138/citation
20741,32348,,0.06127180905634499,https://ebba.english.ucsb.edu/ballad/20741/citation,https://ebba.english.ucsb.edu/ballad/32348/citation
32878,34008,,0.06122602091164506,https://ebba.english.ucsb.edu/ballad/32878/citation,https://ebba.english.ucsb.edu/ballad/34008/citation
32785,34959,,0.061029376881689947,https://ebba.english.ucsb.edu/ballad/32785/citation,https://ebba.english.ucsb.edu/ballad/34959/citation
32785,32868,,0.06098846569805006,https://ebba.english.ucsb.edu/ballad/32785/citation,https://ebba.english.ucsb.edu/ballad/32868/citation
21372,34605,,0.060956201423236905,https://ebba.english.ucsb.edu/ballad/21372/citation,https://ebba.english.ucsb.edu/ballad/34605/citation
32457,34605,,0.06093804211803444,https://ebba.english.ucsb.edu/ballad/32457/citation,https://ebba.english.ucsb.edu/ballad/34605/citation
34605,34959,,0.060715193792764494,https://ebba.english.ucsb.edu/ballad/34605/citation,https://ebba.english.ucsb.edu/ballad/34959/citation
32457,34604,,0.0606808714657104,https://ebba.english.ucsb.edu/ballad/32457/citation,https://ebba.english.ucsb.edu/ballad/34604/citation
20278,34605,,0.06067975131265925,https://ebba.english.ucsb.edu/ballad/20278/citation,https://ebba.english.ucsb.edu/ballad/34605/citation
32868,34605,,0.060674493222483375,https://ebba.english.ucsb.edu/ballad/32868/citation,https://ebba.english.ucsb.edu/ballad/34605/citation
30729,34605,,0.06064600059559508,https://ebba.english.ucsb.edu/ballad/30729/citation,https://ebba.english.ucsb.edu/ballad/34605/citation
32019,34606,,0.060485629678575216,https://ebba.english.ucsb.edu/ballad/32019/citation,https://ebba.english.ucsb.edu/ballad/34606/citation
32019,36165,,0.060322869401910645,https://ebba.english.ucsb.edu/ballad/32019/citation,https://ebba.english.ucsb.edu/ballad/36165/citation
32019,32879,,0.0602157957846943,https://ebba.english.ucsb.edu/ballad/32019/citation,https://ebba.english.ucsb.edu/ballad/32879/citation
32019,35655,,0.060098448259740936,https://ebba.english.ucsb.edu/ballad/32019/citation,https://ebba.english.ucsb.edu/ballad/35655/citation
30660,36309,,0.060096208806160255,https://ebba.english.ucsb.edu/ballad/30660/citation,https://ebba.english.ucsb.edu/ballad/36309/citation
32019,32878,,0.060095054319770656,https://ebba.english.ucsb.edu/ballad/32019/citation,https://ebba.english.ucsb.edu/ballad/32878/citation
32878,35475,,0.060041572902226184,https://ebba.english.ucsb.edu/ballad/32878/citation,https://ebba.english.ucsb.edu/ballad/35475/citation
21372,34604,,0.059977102318366934,https://ebba.english.ucsb.edu/ballad/21372/citation,https://ebba.english.ucsb.edu/ballad/34604/citation
20741,31786,,0.059892694257047685,https://ebba.english.ucsb.edu/ballad/20741/citation,https://ebba.english.ucsb.edu/ballad/31786/citation
30326,34604,,0.059817319919622476,https://ebba.english.ucsb.edu/ballad/30326/citation,https://ebba.english.ucsb.edu/ballad/34604/citation
34959,36309,,0.059487175511746315,https://ebba.english.ucsb.edu/ballad/34959/citation,https://ebba.english.ucsb.edu/ballad/36309/citation
31268,34606,,0.05941753557374218,https://ebba.english.ucsb.edu/ballad/31268/citation,https://ebba.english.ucsb.edu/ballad/34606/citation
31268,36165,,0.059257649422600124,https://ebba.english.ucsb.edu/ballad/31268/citation,https://ebba.english.ucsb.edu/ballad/36165/citation
31268,32879,,0.05915246658010068,https://ebba.english.ucsb.edu/ballad/31268/citation,https://ebba.english.ucsb.edu/ballad/32879/citation
30101,34606,,0.0591518925311214,https://ebba.english.ucsb.edu/ballad/30101/citation,https://ebba.english.ucsb.edu/ballad/34606/citation
31268,35655,,0.059037191253126994,https://ebba.english.ucsb.edu/ballad/31268/citation,https://ebba.english.ucsb.edu/ballad/35655/citation
31268,32878,,0.05903385724552897,https://ebba.english.ucsb.edu/ballad/31268/citation,https://ebba.english.ucsb.edu/ballad/32878/citation
30084,34606,,0.05899578625475527,https://ebba.english.ucsb.edu/ballad/30084/citation,https://ebba.english.ucsb.edu/ballad/34606/citation
30101,36165,,0.05899272119662821,https://ebba.english.ucsb.edu/ballad/30101/citation,https://ebba.english.ucsb.edu/ballad/36165/citation
30173,33906,,0.05895982418390653,https://ebba.english.ucsb.edu/ballad/30173/citation,https://ebba.english.ucsb.edu/ballad/33906/citation
30101,32879,,0.058888008604031324,https://ebba.english.ucsb.edu/ballad/30101/citation,https://ebba.english.ucsb.edu/ballad/32879/citation
30084,36165,,0.058837034985339765,https://ebba.english.ucsb.edu/ballad/30084/citation,https://ebba.english.ucsb.edu/ballad/36165/citation
33989,34604,,0.05881677341699555,https://ebba.english.ucsb.edu/ballad/33989/citation,https://ebba.english.ucsb.edu/ballad/34604/citation
30101,35655,,0.05877324864829106,https://ebba.english.ucsb.edu/ballad/30101/citation,https://ebba.english.ucsb.edu/ballad/35655/citation
30101,32878,,0.058769929546325095,https://ebba.english.ucsb.edu/ballad/30101/citation,https://ebba.english.ucsb.edu/ballad/32878/citation
30408,33989,,0.058768190643687726,https://ebba.english.ucsb.edu/ballad/30408/citation,https://ebba.english.ucsb.edu/ballad/33989/citation
30084,32879,,0.05873259873712035,https://ebba.english.ucsb.edu/ballad/30084/citation,https://ebba.english.ucsb.edu/ballad/32879/citation
35658,36309,,0.05870635605722986,https://ebba.english.ucsb.edu/ballad/35658/citation,https://ebba.english.ucsb.edu/ballad/36309/citation
32020,34606,,0.058679278615950896,https://ebba.english.ucsb.edu/ballad/32020/citation,https://ebba.english.ucsb.edu/ballad/34606/citation
20674,30232,,0.05867665436429601,https://ebba.english.ucsb.edu/ballad/20674/citation,https://ebba.english.ucsb.edu/ballad/30232/citation
31268,33989,,0.058645544621187956,https://ebba.english.ucsb.edu/ballad/31268/citation,https://ebba.english.ucsb.edu/ballad/33989/citation
30084,35655,,0.05861814164150175,https://ebba.english.ucsb.edu/ballad/30084/citation,https://ebba.english.ucsb.edu/ballad/35655/citation
30084,32878,,0.058614831298894526,https://ebba.english.ucsb.edu/ballad/30084/citation,https://ebba.english.ucsb.edu/ballad/32878/citation
32020,36165,,0.05852137903430211,https://ebba.english.ucsb.edu/ballad/32020/citation,https://ebba.english.ucsb.edu/ballad/36165/citation
30610,32878,,0.058474782678249015,https://ebba.english.ucsb.edu/ballad/30610/citation,https://ebba.english.ucsb.edu/ballad/32878/citation
32020,32879,,0.05841750307813789,https://ebba.english.ucsb.edu/ballad/32020/citation,https://ebba.english.ucsb.edu/ballad/32879/citation
34606,35475,,0.05832082718878946,https://ebba.english.ucsb.edu/ballad/34606/citation,https://ebba.english.ucsb.edu/ballad/35475/citation
32020,35655,,0.05830366003561322,https://ebba.english.ucsb.edu/ballad/32020/citation,https://ebba.english.ucsb.edu/ballad/35655/citation
32020,32878,,0.05830036745272731,https://ebba.english.ucsb.edu/ballad/32020/citation,https://ebba.english.ucsb.edu/ballad/32878/citation
32868,36309,,0.05826160692810504,https://ebba.english.ucsb.edu/ballad/32868/citation,https://ebba.english.ucsb.edu/ballad/36309/citation
35475,36165,,0.058163892161097776,https://ebba.english.ucsb.edu/ballad/35475/citation,https://ebba.english.ucsb.edu/ballad/36165/citation
32879,35475,,0.058060650747239005,https://ebba.english.ucsb.edu/ballad/32879/citation,https://ebba.english.ucsb.edu/ballad/35475/citation
35128,36309,,0.05801649185481238,https://ebba.english.ucsb.edu/ballad/35128/citation,https://ebba.english.ucsb.edu/ballad/36309/citation
32998,36309,,0.05799223431488486,https://ebba.english.ucsb.edu/ballad/32998/citation,https://ebba.english.ucsb.edu/ballad/36309/citation
35475,35655,,0.05794750313250466,https://ebba.english.ucsb.edu/ballad/35475/citation,https://ebba.english.ucsb.edu/ballad/35655/citation
20741,34108,,0.05749035180066769,https://ebba.english.ucsb.edu/ballad/20741/citation,https://ebba.english.ucsb.edu/ballad/34108/citation
30101,36219,,0.057299839432389234,https://ebba.english.ucsb.edu/ballad/30101/citation,https://ebba.english.ucsb.edu/ballad/36219/citation
32019,33989,,0.057244391199166564,https://ebba.english.ucsb.edu/ballad/32019/citation,https://ebba.english.ucsb.edu/ballad/33989/citation
33989,34400,32,0.057163719726910624,https://ebba.english.ucsb.edu/ballad/33989/citation,https://ebba.english.ucsb.edu/ballad/34400/citation
30101,34595,,0.05703877399642963,https://ebba.english.ucsb.edu/ballad/30101/citation,https://ebba.english.ucsb.edu/ballad/34595/citation
34604,36219,,0.05700020275802819,https://ebba.english.ucsb.edu/ballad/34604/citation,https://ebba.english.ucsb.edu/ballad/36219/citation
20278,34604,,0.05692037784504422,https://ebba.english.ucsb.edu/ballad/20278/citation,https://ebba.english.ucsb.edu/ballad/34604/citation
20674,31631,,0.056874368786041914,https://ebba.english.ucsb.edu/ballad/20674/citation,https://ebba.english.ucsb.edu/ballad/31631/citation
31268,36219,,0.056834262406117865,https://ebba.english.ucsb.edu/ballad/31268/citation,https://ebba.english.ucsb.edu/ballad/36219/citation
34595,34604,,0.05674050250528366,https://ebba.english.ucsb.edu/ballad/34595/citation,https://ebba.english.ucsb.edu/ballad/34604/citation
32785,34606,,0.05662952529597115,https://ebba.english.ucsb.edu/ballad/32785/citation,https://ebba.english.ucsb.edu/ballad/34606/citation
31268,34595,,0.056575318198952944,https://ebba.english.ucsb.edu/ballad/31268/citation,https://ebba.english.ucsb.edu/ballad/34595/citation
32785,36165,,0.05647714137844334,https://ebba.english.ucsb.edu/ballad/32785/citation,https://ebba.english.ucsb.edu/ballad/36165/citation
33906,34605,,0.05644298576865004,https://ebba.english.ucsb.edu/ballad/33906/citation,https://ebba.english.ucsb.edu/ballad/34605/citation
34108,34605,,0.05634371884394908,https://ebba.english.ucsb.edu/ballad/34108/citation,https://ebba.english.ucsb.edu/ballad/34605/citation
32785,35655,,0.05626702762390388,https://ebba.english.ucsb.edu/ballad/32785/citation,https://ebba.english.ucsb.edu/ballad/35655/citation
32785,32878,,0.05626385005577039,https://ebba.english.ucsb.edu/ballad/32785/citation,https://ebba.english.ucsb.edu/ballad/32878/citation
32020,33989,,0.056252741437614384,https://ebba.english.ucsb.edu/ballad/32020/citation,https://ebba.english.ucsb.edu/ballad/33989/citation
20265,34606,,0.05615906788430129,https://ebba.english.ucsb.edu/ballad/20265/citation,https://ebba.english.ucsb.edu/ballad/34606/citation
30173,30389,32,0.05610788670426474,https://ebba.english.ucsb.edu/ballad/30173/citation,https://ebba.english.ucsb.edu/ballad/30389/citation
20265,36165,,0.05600794991670058,https://ebba.english.ucsb.edu/ballad/20265/citation,https://ebba.english.ucsb.edu/ballad/36165/citation
30610,34606,,0.05597055233172847,https://ebba.english.ucsb.edu/ballad/30610/citation,https://ebba.english.ucsb.edu/ballad/34606/citation
34605,35138,,0.05594563757912092,https://ebba.english.ucsb.edu/ballad/34605/citation,https://ebba.english.ucsb.edu/ballad/35138/citation
33989,35475,,0.05593268643508785,https://ebba.english.ucsb.edu/ballad/33989/citation,https://ebba.english.ucsb.edu/ballad/35475/citation
20265,32879,,0.05590853531905439,https://ebba.english.ucsb.edu/ballad/20265/citation,https://ebba.english.ucsb.edu/ballad/32879/citation
34008,34605,,0.05586162424585337,https://ebba.english.ucsb.edu/ballad/34008/citation,https://ebba.english.ucsb.edu/ballad/34605/citation
20757,36219,,0.05584575309868049,https://ebba.english.ucsb.edu/ballad/20757/citation,https://ebba.english.ucsb.edu/ballad/36219/citation
30610,36165,,0.05581994163905661,https://ebba.english.ucsb.edu/ballad/30610/citation,https://ebba.english.ucsb.edu/ballad/36165/citation
20229,33989,,0.05580720436679248,https://ebba.english.ucsb.edu/ballad/20229/citation,https://ebba.english.ucsb.edu/ballad/33989/citation
20265,35655,,0.055799581710487704,https://ebba.english.ucsb.edu/ballad/20265/citation,https://ebba.english.ucsb.edu/ballad/35655/citation
30610,32879,,0.055720860757736516,https://ebba.english.ucsb.edu/ballad/30610/citation,https://ebba.english.ucsb.edu/ballad/32879/citation
30613,34604,,0.05567535596731823,https://ebba.english.ucsb.edu/ballad/30613/citation,https://ebba.english.ucsb.edu/ballad/34604/citation
34108,34604,,0.05565335208473167,https://ebba.english.ucsb.edu/ballad/34108/citation,https://ebba.english.ucsb.edu/ballad/34604/citation
32069,33989,,0.05563881342069416,https://ebba.english.ucsb.edu/ballad/32069/citation,https://ebba.english.ucsb.edu/ballad/33989/citation
30610,35655,,0.0556122728861825,https://ebba.english.ucsb.edu/ballad/30610/citation,https://ebba.english.ucsb.edu/ballad/35655/citation
20757,34595,,0.055591312667020915,https://ebba.english.ucsb.edu/ballad/20757/citation,https://ebba.english.ucsb.edu/ballad/34595/citation
20741,36165,,0.05559036419657884,https://ebba.english.ucsb.edu/ballad/20741/citation,https://ebba.english.ucsb.edu/ballad/36165/citation
30389,34604,,0.055577337449240226,https://ebba.english.ucsb.edu/ballad/30389/citation,https://ebba.english.ucsb.edu/ballad/34604/citation
20741,32879,,0.05549169081721348,https://ebba.english.ucsb.edu/ballad/20741/citation,https://ebba.english.ucsb.edu/ballad/32879/citation
32019,36219,,0.05547638395562731,https://ebba.english.ucsb.edu/ballad/32019/citation,https://ebba.english.ucsb.edu/ballad/36219/citation
30389,34605,,0.05544020121548697,https://ebba.english.ucsb.edu/ballad/30389/citation,https://ebba.english.ucsb.edu/ballad/34605/citation
20741,35655,,0.055383549548165746,https://ebba.english.ucsb.edu/ballad/20741/citation,https://ebba.english.ucsb.edu/ballad/35655/citation
20741,32878,,0.055380421872694055,https://ebba.english.ucsb.edu/ballad/20741/citation,https://ebba.english.ucsb.edu/ballad/32878/citation
30408,32878,,0.05533049127960692,https://ebba.english.ucsb.edu/ballad/30408/citation,https://ebba.english.ucsb.edu/ballad/32878/citation
32019,34595,,0.05522362641727625,https://ebba.english.ucsb.edu/ballad/32019/citation,https://ebba.english.ucsb.edu/ballad/34595/citation
20741,36219,,0.05515321561141364,https://ebba.english.ucsb.edu/ballad/20741/citation,https://ebba.english.ucsb.edu/ballad/36219/citation
31673,33989,,0.05499684817328387,https://ebba.english.ucsb.edu/ballad/31673/citation,https://ebba.english.ucsb.edu/ballad/33989/citation
34604,35138,,0.05491423611084739,https://ebba.english.ucsb.edu/ballad/34604/citation,https://ebba.english.ucsb.edu/ballad/35138/citation
30660,34604,,0.05491300876879243,https://ebba.english.ucsb.edu/ballad/30660/citation,https://ebba.english.ucsb.edu/ballad/34604/citation
20741,34595,,0.054901930469591215,https://ebba.english.ucsb.edu/ballad/20741/citation,https://ebba.english.ucsb.edu/ballad/34595/citation
30613,34605,,0.054896276285438764,https://ebba.english.ucsb.edu/ballad/30613/citation,https://ebba.english.ucsb.edu/ballad/34605/citation
34008,34604,,0.054831771628911875,https://ebba.english.ucsb.edu/ballad/34008/citation,https://ebba.english.ucsb.edu/ballad/34604/citation
32020,36219,,0.05451536154331845,https://ebba.english.ucsb.edu/ballad/32020/citation,https://ebba.english.ucsb.edu/ballad/36219/citation
30610,34605,,0.05434056214484868,https://ebba.english.ucsb.edu/ballad/30610/citation,https://ebba.english.ucsb.edu/ballad/34605/citation
32348,33989,32,0.05429601697675136,https://ebba.english.ucsb.edu/ballad/32348/citation,https://ebba.english.ucsb.edu/ballad/33989/citation
32020,34595,,0.05426698254664436,https://ebba.english.ucsb.edu/ballad/32020/citation,https://ebba.english.ucsb.edu/ballad/34595/citation
35475,36219,,0.054205191519056936,https://ebba.english.ucsb.edu/ballad/35475/citation,https://ebba.english.ucsb.edu/ballad/36219/citation
20229,36219,,0.05408358499561463,https://ebba.english.ucsb.edu/ballad/20229/citation,https://ebba.english.ucsb.edu/ballad/36219/citation
34595,35475,,0.05395822569689442,https://ebba.english.ucsb.edu/ballad/34595/citation,https://ebba.english.ucsb.edu/ballad/35475/citation
20229,34595,,0.053837173228408905,https://ebba.english.ucsb.edu/ballad/20229/citation,https://ebba.english.ucsb.edu/ballad/34595/citation
33906,34604,,0.053470359752655135,https://ebba.english.ucsb.edu/ballad/33906/citation,https://ebba.english.ucsb.edu/ballad/34604/citation
30408,34606,,0.05345500480957691,https://ebba.english.ucsb.edu/ballad/30408/citation,https://ebba.english.ucsb.edu/ballad/34606/citation
30408,36165,,0.053311163182761634,https://ebba.english.ucsb.edu/ballad/30408/citation,https://ebba.english.ucsb.edu/ballad/36165/citation
30610,34604,,0.0532569591303563,https://ebba.english.ucsb.edu/ballad/30610/citation,https://ebba.english.ucsb.edu/ballad/34604/citation
30408,32879,,0.05321653540499532,https://ebba.english.ucsb.edu/ballad/30408/citation,https://ebba.english.ucsb.edu/ballad/32879/citation
31786,34605,,0.05315290295536616,https://ebba.english.ucsb.edu/ballad/31786/citation,https://ebba.english.ucsb.edu/ballad/34605/citation
30408,35655,,0.05311282792035631,https://ebba.english.ucsb.edu/ballad/30408/citation,https://ebba.english.ucsb.edu/ballad/35655/citation
30729,31631,,0.05295153016417063,https://ebba.english.ucsb.edu/ballad/30729/citation,https://ebba.english.ucsb.edu/ballad/31631/citation
30084,34108,,0.05290136841608142,https://ebba.english.ucsb.edu/ballad/30084/citation,https://ebba.english.ucsb.edu/ballad/34108/citation
20279,33989,,0.05286545944227044,https://ebba.english.ucsb.edu/ballad/20279/citation,https://ebba.english.ucsb.edu/ballad/33989/citation
32348,34604,,0.05270523543254269,https://ebba.english.ucsb.edu/ballad/32348/citation,https://ebba.english.ucsb.edu/ballad/34604/citation
32069,34606,,0.05260094249477291,https://ebba.english.ucsb.edu/ballad/32069/citation,https://ebba.english.ucsb.edu/ballad/34606/citation
34605,35507,,0.052531540394161004,https://ebba.english.ucsb.edu/ballad/34605/citation,https://ebba.english.ucsb.edu/ballad/35507/citation
20235,34605,,0.05251620245916001,https://ebba.english.ucsb.edu/ballad/20235/citation,https://ebba.english.ucsb.edu/ballad/34605/citation
30232,36165,,0.05249925036626511,https://ebba.english.ucsb.edu/ballad/30232/citation,https://ebba.english.ucsb.edu/ballad/36165/citation
32069,36165,,0.05245939905712062,https://ebba.english.ucsb.edu/ballad/32069/citation,https://ebba.english.ucsb.edu/ballad/36165/citation
30232,32879,,0.052406063740801236,https://ebba.english.ucsb.edu/ballad/30232/citation,https://ebba.english.ucsb.edu/ballad/32879/citation
32348,34595,32,0.05237933175038924,https://ebba.english.ucsb.edu/ballad/32348/citation,https://ebba.english.ucsb.edu/ballad/34595/citation
32069,32879,,0.05236628316807667,https://ebba.english.ucsb.edu/ballad/32069/citation,https://ebba.english.ucsb.edu/ballad/32879/citation
30232,35655,,0.05230393568964138,https://ebba.english.ucsb.edu/ballad/30232/citation,https://ebba.english.ucsb.edu/ballad/35655/citation
30232,32878,,0.05230098192921861,https://ebba.english.ucsb.edu/ballad/30232/citation,https://ebba.english.ucsb.edu/ballad/32878/citation
32069,35655,,0.0522642326406245,https://ebba.english.ucsb.edu/ballad/32069/citation,https://ebba.english.ucsb.edu/ballad/35655/citation
32069,32878,,0.052261281122352204,https://ebba.english.ucsb.edu/ballad/32069/citation,https://ebba.english.ucsb.edu/ballad/32878/citation
32440,33989,,0.052147554256335674,https://ebba.english.ucsb.edu/ballad/32440/citation,https://ebba.english.ucsb.edu/ballad/33989/citation
31631,36165,,0.05173309549695502,https://ebba.english.ucsb.edu/ballad/31631/citation,https://ebba.english.ucsb.edu/ballad/36165/citation
31631,32879,,0.051641268803039805,https://ebba.english.ucsb.edu/ballad/31631/citation,https://ebba.english.ucsb.edu/ballad/32879/citation
31631,35655,,0.05154063117132676,https://ebba.english.ucsb.edu/ballad/31631/citation,https://ebba.english.ucsb.edu/ballad/35655/citation
31631,32878,,0.05153772051700388,https://ebba.english.ucsb.edu/ballad/31631/citation,https://ebba.english.ucsb.edu/ballad/32878/citation
20741,36309,,0.05152906264140597,https://ebba.english.ucsb.edu/ballad/20741/citation,https://ebba.english.ucsb.edu/ballad/36309/citation
20278,34606,,0.05115476411660784,https://ebba.english.ucsb.edu/ballad/20278/citation,https://ebba.english.ucsb.edu/ballad/34606/citation
20278,36165,,0.05101711218829732,https://ebba.english.ucsb.edu/ballad/20278/citation,https://ebba.english.ucsb.edu/ballad/36165/citation
20278,32879,,0.05092655637097474,https://ebba.english.ucsb.edu/ballad/20278/citation,https://ebba.english.ucsb.edu/ballad/32879/citation
30232,34606,,0.05084005544110027,https://ebba.english.ucsb.edu/ballad/30232/citation,https://ebba.english.ucsb.edu/ballad/34606/citation
20278,35655,,0.05082731155876801,https://ebba.english.ucsb.edu/ballad/20278/citation,https://ebba.english.ucsb.edu/ballad/35655/citation
20278,32878,,0.05082444118774717,https://ebba.english.ucsb.edu/ballad/20278/citation,https://ebba.english.ucsb.edu/ballad/32878/citation
30232,30729,,0.05074884625090631,https://ebba.english.ucsb.edu/ballad/30232/citation,https://ebba.english.ucsb.edu/ballad/30729/citation
22373,30613,,0.05059973558241853,https://ebba.english.ucsb.edu/ballad/22373/citation,https://ebba.english.ucsb.edu/ballad/30613/citation
30326,33989,,0.05052939266301194,https://ebba.english.ucsb.edu/ballad/30326/citation,https://ebba.english.ucsb.edu/ballad/33989/citation
30660,34605,,0.05045262474701754,https://ebba.english.ucsb.edu/ballad/30660/citation,https://ebba.english.ucsb.edu/ballad/34605/citation
32348,34605,,0.050402351388356886,https://ebba.english.ucsb.edu/ballad/32348/citation,https://ebba.english.ucsb.edu/ballad/34605/citation
31786,34604,,0.05029156364559215,https://ebba.english.ucsb.edu/ballad/31786/citation,https://ebba.english.ucsb.edu/ballad/34604/citation
20279,34606,,0.050171097575554414,https://ebba.english.ucsb.edu/ballad/20279/citation,https://ebba.english.ucsb.edu/ballad/34606/citation
34400,36219,32,0.05016719862671839,https://ebba.english.ucsb.edu/ballad/34400/citation,https://ebba.english.ucsb.edu/ballad/36219/citation
31631,34606,,0.050079166505454645,https://ebba.english.ucsb.edu/ballad/31631/citation,https://ebba.english.ucsb.edu/ballad/34606/citation
20279,36165,,0.05003609258733889,https://ebba.english.ucsb.edu/ballad/20279/citation,https://ebba.english.ucsb.edu/ballad/36165/citation
20674,36219,,0.04998438458545796,https://ebba.english.ucsb.edu/ballad/20674/citation,https://ebba.english.ucsb.edu/ballad/36219/citation
20279,32879,,0.04994727808833018,https://ebba.english.ucsb.edu/ballad/20279/citation,https://ebba.english.ucsb.edu/ballad/32879/citation
34400,34595,32,0.04993863041937092,https://ebba.english.ucsb.edu/ballad/34400/citation,https://ebba.english.ucsb.edu/ballad/34595/citation
20279,35655,,0.049849941677087214,https://ebba.english.ucsb.edu/ballad/20279/citation,https://ebba.english.ucsb.edu/ballad/35655/citation
20279,32878,,0.04984712650108061,https://ebba.english.ucsb.edu/ballad/20279/citation,https://ebba.english.ucsb.edu/ballad/32878/citation
20674,34595,,0.049756649302388385,https://ebba.english.ucsb.edu/ballad/20674/citation,https://ebba.english.ucsb.edu/ballad/34595/citation
34604,35507,,0.04970155706827539,https://ebba.english.ucsb.edu/ballad/34604/citation,https://ebba.english.ucsb.edu/ballad/35507/citation
20235,34604,,0.04963687027573911,https://ebba.english.ucsb.edu/ballad/20235/citation,https://ebba.english.ucsb.edu/ballad/34604/citation
31673,32878,,0.049286807203686236,https://ebba.english.ucsb.edu/ballad/31673/citation,https://ebba.english.ucsb.edu/ballad/32878/citation
30729,33989,,0.049229706079998485,https://ebba.english.ucsb.edu/ballad/30729/citation,https://ebba.english.ucsb.edu/ballad/33989/citation
20265,33989,,0.04922750534769754,https://ebba.english.ucsb.edu/ballad/20265/citation,https://ebba.english.ucsb.edu/ballad/33989/citation
30049,30232,,0.04921614791510846,https://ebba.english.ucsb.edu/ballad/30049/citation,https://ebba.english.ucsb.edu/ballad/30232/citation
30049,31631,,0.04901573725801754,https://ebba.english.ucsb.edu/ballad/30049/citation,https://ebba.english.ucsb.edu/ballad/31631/citation
22198,33989,,0.04896098410106296,https://ebba.english.ucsb.edu/ballad/22198/citation,https://ebba.english.ucsb.edu/ballad/33989/citation
31689,32878,,0.04879787252617791,https://ebba.english.ucsb.edu/ballad/31689/citation,https://ebba.english.ucsb.edu/ballad/32878/citation
30613,31631,,0.04872391820570426,https://ebba.english.ucsb.edu/ballad/30613/citation,https://ebba.english.ucsb.edu/ballad/31631/citation
34606,35658,,0.048712003041267285,https://ebba.english.ucsb.edu/ballad/34606/citation,https://ebba.english.ucsb.edu/ballad/35658/citation
35658,36165,,0.048580924318370355,https://ebba.english.ucsb.edu/ballad/35658/citation,https://ebba.english.ucsb.edu/ballad/36165/citation
32879,35658,,0.048494692755680205,https://ebba.english.ucsb.edu/ballad/32879/citation,https://ebba.english.ucsb.edu/ballad/35658/citation
35655,35658,,0.04840018711817937,https://ebba.english.ucsb.edu/ballad/35655/citation,https://ebba.english.ucsb.edu/ballad/35658/citation
32878,35658,,0.048397453814169246,https://ebba.english.ucsb.edu/ballad/32878/citation,https://ebba.english.ucsb.edu/ballad/35658/citation
30232,31654,,0.048241587368249544,https://ebba.english.ucsb.edu/ballad/30232/citation,https://ebba.english.ucsb.edu/ballad/31654/citation
34606,35128,,0.04813958347065958,https://ebba.english.ucsb.edu/ballad/34606/citation,https://ebba.english.ucsb.edu/ballad/35128/citation
32998,34606,,0.04811945560992896,https://ebba.english.ucsb.edu/ballad/32998/citation,https://ebba.english.ucsb.edu/ballad/34606/citation
20741,31631,,0.04808582620522133,https://ebba.english.ucsb.edu/ballad/20741/citation,https://ebba.english.ucsb.edu/ballad/31631/citation
30173,31786,,0.0480515376361443,https://ebba.english.ucsb.edu/ballad/30173/citation,https://ebba.english.ucsb.edu/ballad/31786/citation
35128,36165,,0.04801004506681325,https://ebba.english.ucsb.edu/ballad/35128/citation,https://ebba.english.ucsb.edu/ballad/36165/citation
20741,31654,,0.048003601975448236,https://ebba.english.ucsb.edu/ballad/20741/citation,https://ebba.english.ucsb.edu/ballad/31654/citation
32998,36165,,0.04798997136797526,https://ebba.english.ucsb.edu/ballad/32998/citation,https://ebba.english.ucsb.edu/ballad/36165/citation
32879,35128,,0.04792482681975386,https://ebba.english.ucsb.edu/ballad/32879/citation,https://ebba.english.ucsb.edu/ballad/35128/citation
32879,32998,,0.04790478875190568,https://ebba.english.ucsb.edu/ballad/32879/citation,https://ebba.english.ucsb.edu/ballad/32998/citation
31689,33989,,0.04783875824058982,https://ebba.english.ucsb.edu/ballad/31689/citation,https://ebba.english.ucsb.edu/ballad/33989/citation
35128,35655,,0.04783143172735609,https://ebba.english.ucsb.edu/ballad/35128/citation,https://ebba.english.ucsb.edu/ballad/35655/citation
32878,35128,,0.047828730542672025,https://ebba.english.ucsb.edu/ballad/32878/citation,https://ebba.english.ucsb.edu/ballad/35128/citation
32998,35655,,0.04781143270935584,https://ebba.english.ucsb.edu/ballad/32998/citation,https://ebba.english.ucsb.edu/ballad/35655/citation
32878,32998,,0.04780873265407641,https://ebba.english.ucsb.edu/ballad/32878/citation,https://ebba.english.ucsb.edu/ballad/32998/citation
20251,36219,,0.047576687430382666,https://ebba.english.ucsb.edu/ballad/20251/citation,https://ebba.english.ucsb.edu/ballad/36219/citation
30232,30613,,0.0475165793118691,https://ebba.english.ucsb.edu/ballad/30232/citation,https://ebba.english.ucsb.edu/ballad/30613/citation
22198,36219,,0.04744881194361411,https://ebba.english.ucsb.edu/ballad/22198/citation,https://ebba.english.ucsb.edu/ballad/36219/citation
31673,34606,,0.047427233312671846,https://ebba.english.ucsb.edu/ballad/31673/citation,https://ebba.english.ucsb.edu/ballad/34606/citation
30326,34108,,0.04740826403654135,https://ebba.english.ucsb.edu/ballad/30326/citation,https://ebba.english.ucsb.edu/ballad/34108/citation
20251,34595,,0.04735992192512879,https://ebba.english.ucsb.edu/ballad/20251/citation,https://ebba.english.ucsb.edu/ballad/34595/citation
31673,36165,,0.04729961176592716,https://ebba.english.ucsb.edu/ballad/31673/citation,https://ebba.english.ucsb.edu/ballad/36165/citation
22198,34595,,0.04723262905551993,https://ebba.english.ucsb.edu/ballad/22198/citation,https://ebba.english.ucsb.edu/ballad/34595/citation
31631,31654,,0.0472198879854407,https://ebba.english.ucsb.edu/ballad/31631/citation,https://ebba.english.ucsb.edu/ballad/31654/citation
31673,32879,,0.04721565454414842,https://ebba.english.ucsb.edu/ballad/31673/citation,https://ebba.english.ucsb.edu/ballad/32879/citation
22373,31654,,0.04721077015326064,https://ebba.english.ucsb.edu/ballad/22373/citation,https://ebba.english.ucsb.edu/ballad/31654/citation
31673,35655,,0.04712364147469368,https://ebba.english.ucsb.edu/ballad/31673/citation,https://ebba.english.ucsb.edu/ballad/35655/citation
35658,36219,,0.046972377677592325,https://ebba.english.ucsb.edu/ballad/35658/citation,https://ebba.english.ucsb.edu/ballad/36219/citation
31689,34606,,0.04693724923139801,https://ebba.english.ucsb.edu/ballad/31689/citation,https://ebba.english.ucsb.edu/ballad/34606/citation
20741,30232,,0.04682002325285168,https://ebba.english.ucsb.edu/ballad/20741/citation,https://ebba.english.ucsb.edu/ballad/30232/citation
31689,36165,,0.04681094617873285,https://ebba.english.ucsb.edu/ballad/31689/citation,https://ebba.english.ucsb.edu/ballad/36165/citation
34595,35658,,0.046758365485273165,https://ebba.english.ucsb.edu/ballad/34595/citation,https://ebba.english.ucsb.edu/ballad/35658/citation
20235,30173,,0.04675592984630469,https://ebba.english.ucsb.edu/ballad/20235/citation,https://ebba.english.ucsb.edu/ballad/30173/citation
31689,32879,,0.04672785634261645,https://ebba.english.ucsb.edu/ballad/31689/citation,https://ebba.english.ucsb.edu/ballad/32879/citation
31631,35658,,0.04669546399310037,https://ebba.english.ucsb.edu/ballad/31631/citation,https://ebba.english.ucsb.edu/ballad/35658/citation
32878,33906,,0.0466639533534748,https://ebba.english.ucsb.edu/ballad/32878/citation,https://ebba.english.ucsb.edu/ballad/33906/citation
31689,35655,,0.04663679388605127,https://ebba.english.ucsb.edu/ballad/31689/citation,https://ebba.english.ucsb.edu/ballad/35655/citation
35128,36219,,0.04642040061686971,https://ebba.english.ucsb.edu/ballad/35128/citation,https://ebba.english.ucsb.edu/ballad/36219/citation
32998,36219,,0.04640099157152046,https://ebba.english.ucsb.edu/ballad/32998/citation,https://ebba.english.ucsb.edu/ballad/36219/citation
30049,33989,,0.046326845544554095,https://ebba.english.ucsb.edu/ballad/30049/citation,https://ebba.english.ucsb.edu/ballad/33989/citation
34595,35128,,0.04620890330301137,https://ebba.english.ucsb.edu/ballad/34595/citation,https://ebba.english.ucsb.edu/ballad/35128/citation
32348,36219,32,0.04620562562468218,https://ebba.english.ucsb.edu/ballad/32348/citation,https://ebba.english.ucsb.edu/ballad/36219/citation
32998,34595,,0.046189582687768314,https://ebba.english.ucsb.edu/ballad/32998/citation,https://ebba.english.ucsb.edu/ballad/34595/citation
31631,35128,,0.04614674097250083,https://ebba.english.ucsb.edu/ballad/31631/citation,https://ebba.english.ucsb.edu/ballad/35128/citation
31631,32998,,0.046127446348233195,https://ebba.english.ucsb.edu/ballad/31631/citation,https://ebba.english.ucsb.edu/ballad/32998/citation
20655,30232,,0.04607550962207467,https://ebba.english.ucsb.edu/ballad/20655/citation,https://ebba.english.ucsb.edu/ballad/30232/citation
32440,34606,,0.04578287633642073,https://ebba.english.ucsb.edu/ballad/32440/citation,https://ebba.english.ucsb.edu/ballad/34606/citation
20741,22373,,0.04577427506027758,https://ebba.english.ucsb.edu/ballad/20741/citation,https://ebba.english.ucsb.edu/ballad/22373/citation
30084,34604,,0.04568784736219821,https://ebba.english.ucsb.edu/ballad/30084/citation,https://ebba.english.ucsb.edu/ballad/34604/citation
32440,36165,,0.04565967957615528,https://ebba.english.ucsb.edu/ballad/32440/citation,https://ebba.english.ucsb.edu/ballad/36165/citation
32440,32879,,0.04557863324825954,https://ebba.english.ucsb.edu/ballad/32440/citation,https://ebba.english.ucsb.edu/ballad/32879/citation
32440,35655,,0.04548981037823447,https://ebba.english.ucsb.edu/ballad/32440/citation,https://ebba.english.ucsb.edu/ballad/35655/citation
32440,32878,,0.0454872414319446,https://ebba.english.ucsb.edu/ballad/32440/citation,https://ebba.english.ucsb.edu/ballad/32878/citation
30613,33989,,0.04514288039073663,https://ebba.english.ucsb.edu/ballad/30613/citation,https://ebba.english.ucsb.edu/ballad/33989/citation
20655,31631,,0.04505352952754098,https://ebba.english.ucsb.edu/ballad/20655/citation,https://ebba.english.ucsb.edu/ballad/31631/citation
30084,34605,,0.04504852547605538,https://ebba.english.ucsb.edu/ballad/30084/citation,https://ebba.english.ucsb.edu/ballad/34605/citation
22198,31631,,0.0449577274186065,https://ebba.english.ucsb.edu/ballad/22198/citation,https://ebba.english.ucsb.edu/ballad/31631/citation
20741,34604,,0.04489493129634426,https://ebba.english.ucsb.edu/ballad/20741/citation,https://ebba.english.ucsb.edu/ballad/34604/citation
22198,30232,,0.04476846584507867,https://ebba.english.ucsb.edu/ballad/22198/citation,https://ebba.english.ucsb.edu/ballad/30232/citation
31713,33989,,0.0446864403909167,https://ebba.english.ucsb.edu/ballad/31713/citation,https://ebba.english.ucsb.edu/ballad/33989/citation
21372,22373,,0.044643366274833535,https://ebba.english.ucsb.edu/ballad/21372/citation,https://ebba.english.ucsb.edu/ballad/22373/citation
30232,35658,,0.044630119979231754,https://ebba.english.ucsb.edu/ballad/30232/citation,https://ebba.english.ucsb.edu/ballad/35658/citation
21372,33989,,0.04442540171850918,https://ebba.english.ucsb.edu/ballad/21372/citation,https://ebba.english.ucsb.edu/ballad/33989/citation
33906,34606,,0.04427889004139418,https://ebba.english.ucsb.edu/ballad/33906/citation,https://ebba.english.ucsb.edu/ballad/34606/citation
20741,34605,,0.04426670489016037,https://ebba.english.ucsb.edu/ballad/20741/citation,https://ebba.english.ucsb.edu/ballad/34605/citation
33906,36165,,0.04415974034531204,https://ebba.english.ucsb.edu/ballad/33906/citation,https://ebba.english.ucsb.edu/ballad/36165/citation
30232,35128,,0.04410566702062441,https://ebba.english.ucsb.edu/ballad/30232/citation,https://ebba.english.ucsb.edu/ballad/35128/citation
30232,32998,,0.04408722579909281,https://ebba.english.ucsb.edu/ballad/30232/citation,https://ebba.english.ucsb.edu/ballad/32998/citation
32879,33906,,0.04408135642258111,https://ebba.english.ucsb.edu/ballad/32879/citation,https://ebba.english.ucsb.edu/ballad/33906/citation
32348,34606,,0.04406885002516873,https://ebba.english.ucsb.edu/ballad/32348/citation,https://ebba.english.ucsb.edu/ballad/34606/citation
33906,35655,,0.04399545142032436,https://ebba.english.ucsb.edu/ballad/33906/citation,https://ebba.english.ucsb.edu/ballad/35655/citation
32348,36165,,0.043950265524015264,https://ebba.english.ucsb.edu/ballad/32348/citation,https://ebba.english.ucsb.edu/ballad/36165/citation
32348,32879,,0.043872253420911854,https://ebba.english.ucsb.edu/ballad/32348/citation,https://ebba.english.ucsb.edu/ballad/32879/citation
32348,35655,,0.04378675591505013,https://ebba.english.ucsb.edu/ballad/32348/citation,https://ebba.english.ucsb.edu/ballad/35655/citation
32348,32878,,0.04378428314536351,https://ebba.english.ucsb.edu/ballad/32348/citation,https://ebba.english.ucsb.edu/ballad/32878/citation
30613,36219,,0.0437486313149213,https://ebba.english.ucsb.edu/ballad/30613/citation,https://ebba.english.ucsb.edu/ballad/36219/citation
30613,34595,,0.04354930692553372,https://ebba.english.ucsb.edu/ballad/30613/citation,https://ebba.english.ucsb.edu/ballad/34595/citation
30173,35507,,0.043344505726524346,https://ebba.english.ucsb.edu/ballad/30173/citation,https://ebba.english.ucsb.edu/ballad/35507/citation
21372,36219,,0.04305331214973044,https://ebba.english.ucsb.edu/ballad/21372/citation,https://ebba.english.ucsb.edu/ballad/36219/citation
22373,30232,,0.04299022413467109,https://ebba.english.ucsb.edu/ballad/22373/citation,https://ebba.english.ucsb.edu/ballad/30232/citation
30660,31631,,0.04293590397787685,https://ebba.english.ucsb.edu/ballad/30660/citation,https://ebba.english.ucsb.edu/ballad/31631/citation
21372,34595,,0.042857155723862304,https://ebba.english.ucsb.edu/ballad/21372/citation,https://ebba.english.ucsb.edu/ballad/34595/citation
22373,31631,,0.04281516575581997,https://ebba.english.ucsb.edu/ballad/22373/citation,https://ebba.english.ucsb.edu/ballad/31631/citation
31631,34959,,0.04250077844221068,https://ebba.english.ucsb.edu/ballad/31631/citation,https://ebba.english.ucsb.edu/ballad/34959/citation
22373,35138,,0.04244316029456013,https://ebba.english.ucsb.edu/ballad/22373/citation,https://ebba.english.ucsb.edu/ballad/35138/citation
22373,34008,,0.04237942357575497,https://ebba.english.ucsb.edu/ballad/22373/citation,https://ebba.english.ucsb.edu/ballad/34008/citation
30049,34604,,0.04236382790379021,https://ebba.english.ucsb.edu/ballad/30049/citation,https://ebba.english.ucsb.edu/ballad/34604/citation
20660,36219,,0.041894967795053216,https://ebba.english.ucsb.edu/ballad/20660/citation,https://ebba.english.ucsb.edu/ballad/36219/citation
20235,32878,,0.041793508236092076,https://ebba.english.ucsb.edu/ballad/20235/citation,https://ebba.english.ucsb.edu/ballad/32878/citation
30049,34605,,0.04177101988320287,https://ebba.english.ucsb.edu/ballad/30049/citation,https://ebba.english.ucsb.edu/ballad/34605/citation
20660,34595,,0.04170408893500273,https://ebba.english.ucsb.edu/ballad/20660/citation,https://ebba.english.ucsb.edu/ballad/34595/citation
30232,33989,32,0.041562405211145945,https://ebba.english.ucsb.edu/ballad/30232/citation,https://ebba.english.ucsb.edu/ballad/33989/citation
30610,33989,,0.041333645123125665,https://ebba.english.ucsb.edu/ballad/30610/citation,https://ebba.english.ucsb.edu/ballad/33989/citation
33989,35138,,0.040677971132999834,https://ebba.english.ucsb.edu/ballad/33989/citation,https://ebba.english.ucsb.edu/ballad/35138/citation
33989,34008,,0.04061688519148005,https://ebba.english.ucsb.edu/ballad/33989/citation,https://ebba.english.ucsb.edu/ballad/34008/citation
22373,30610,,0.040602744241175326,https://ebba.english.ucsb.edu/ballad/22373/citation,https://ebba.english.ucsb.edu/ballad/30610/citation
30232,30660,,0.04054230104895016,https://ebba.english.ucsb.edu/ballad/30232/citation,https://ebba.english.ucsb.edu/ballad/30660/citation
31631,32868,,0.04049957817017456,https://ebba.english.ucsb.edu/ballad/31631/citation,https://ebba.english.ucsb.edu/ballad/32868/citation
30173,33989,32,0.040322475889638346,https://ebba.english.ucsb.edu/ballad/30173/citation,https://ebba.english.ucsb.edu/ballad/33989/citation
30232,34959,,0.04013143301481832,https://ebba.english.ucsb.edu/ballad/30232/citation,https://ebba.english.ucsb.edu/ballad/34959/citation
30610,36219,,0.0400570452248874,https://ebba.english.ucsb.edu/ballad/30610/citation,https://ebba.english.ucsb.edu/ballad/36219/citation
20660,31631,,0.03997060869555999,https://ebba.english.ucsb.edu/ballad/20660/citation,https://ebba.english.ucsb.edu/ballad/31631/citation
30610,34595,,0.039874540176383214,https://ebba.english.ucsb.edu/ballad/30610/citation,https://ebba.english.ucsb.edu/ballad/34595/citation
33906,33989,,0.039609168243041136,https://ebba.english.ucsb.edu/ballad/33906/citation,https://ebba.english.ucsb.edu/ballad/33989/citation
32879,36309,,0.03953782932212625,https://ebba.english.ucsb.edu/ballad/32879/citation,https://ebba.english.ucsb.edu/ballad/36309/citation
20235,34606,,0.03948295358627966,https://ebba.english.ucsb.edu/ballad/20235/citation,https://ebba.english.ucsb.edu/ballad/34606/citation
35138,36219,,0.03942162188883717,https://ebba.english.ucsb.edu/ballad/35138/citation,https://ebba.english.ucsb.edu/ballad/36219/citation
20235,36165,,0.039376709235623336,https://ebba.english.ucsb.edu/ballad/20235/citation,https://ebba.english.ucsb.edu/ballad/36165/citation
34008,36219,,0.03936242260179695,https://ebba.english.ucsb.edu/ballad/34008/citation,https://ebba.english.ucsb.edu/ballad/36219/citation
20235,32879,,0.039306815234662555,https://ebba.english.ucsb.edu/ballad/20235/citation,https://ebba.english.ucsb.edu/ballad/32879/citation
34595,35138,,0.03924201191075357,https://ebba.english.ucsb.edu/ballad/34595/citation,https://ebba.english.ucsb.edu/ballad/35138/citation
20235,35655,,0.03923021477756524,https://ebba.english.ucsb.edu/ballad/20235/citation,https://ebba.english.ucsb.edu/ballad/35655/citation
34008,34595,,0.03918308234327684,https://ebba.english.ucsb.edu/ballad/34008/citation,https://ebba.english.ucsb.edu/ballad/34595/citation
30173,36219,32,0.03907710620438339,https://ebba.english.ucsb.edu/ballad/30173/citation,https://ebba.english.ucsb.edu/ballad/36219/citation
31631,33989,32,0.03902307648242013,https://ebba.english.ucsb.edu/ballad/31631/citation,https://ebba.english.ucsb.edu/ballad/33989/citation
30173,34595,32,0.038899065884055346,https://ebba.english.ucsb.edu/ballad/30173/citation,https://ebba.english.ucsb.edu/ballad/34595/citation
20660,33989,,0.03860923490680302,https://ebba.english.ucsb.edu/ballad/20660/citation,https://ebba.english.ucsb.edu/ballad/33989/citation
32878,35507,,0.03853849988890807,https://ebba.english.ucsb.edu/ballad/32878/citation,https://ebba.english.ucsb.edu/ballad/35507/citation
33906,36219,,0.03838582924165995,https://ebba.english.ucsb.edu/ballad/33906/citation,https://ebba.english.ucsb.edu/ballad/36219/citation
33906,34595,,0.03821093846805717,https://ebba.english.ucsb.edu/ballad/33906/citation,https://ebba.english.ucsb.edu/ballad/34595/citation
30232,32868,,0.0381237552200023,https://ebba.english.ucsb.edu/ballad/30232/citation,https://ebba.english.ucsb.edu/ballad/32868/citation
34108,36309,32,0.03796767012441546,https://ebba.english.ucsb.edu/ballad/34108/citation,https://ebba.english.ucsb.edu/ballad/36309/citation
31786,32878,,0.037942366881125705,https://ebba.english.ucsb.edu/ballad/31786/citation,https://ebba.english.ucsb.edu/ballad/32878/citation
30408,36219,,0.03764815674466836,https://ebba.english.ucsb.edu/ballad/30408/citation,https://ebba.english.ucsb.edu/ballad/36219/citation
30729,36219,,0.037507341151525576,https://ebba.english.ucsb.edu/ballad/30729/citation,https://ebba.english.ucsb.edu/ballad/36219/citation
30408,34595,,0.03747662690181041,https://ebba.english.ucsb.edu/ballad/30408/citation,https://ebba.english.ucsb.edu/ballad/34595/citation
20757,33989,,0.03747101033679024,https://ebba.english.ucsb.edu/ballad/20757/citation,https://ebba.english.ucsb.edu/ballad/33989/citation
30729,34595,,0.03733645288261579,https://ebba.english.ucsb.edu/ballad/30729/citation,https://ebba.english.ucsb.edu/ballad/34595/citation
31673,36219,,0.036718493329556304,https://ebba.english.ucsb.edu/ballad/31673/citation,https://ebba.english.ucsb.edu/ballad/36219/citation
31673,34595,,0.03655119915275199,https://ebba.english.ucsb.edu/ballad/31673/citation,https://ebba.english.ucsb.edu/ballad/34595/citation
32069,36219,,0.036286117546142034,https://ebba.english.ucsb.edu/ballad/32069/citation,https://ebba.english.ucsb.edu/ballad/36219/citation
34606,35507,,0.03624179095359185,https://ebba.english.ucsb.edu/ballad/34606/citation,https://ebba.english.ucsb.edu/ballad/35507/citation
35507,36165,,0.036144268220443934,https://ebba.english.ucsb.edu/ballad/35507/citation,https://ebba.english.ucsb.edu/ballad/36165/citation
32069,34595,,0.036120793329001005,https://ebba.english.ucsb.edu/ballad/32069/citation,https://ebba.english.ucsb.edu/ballad/34595/citation
32879,35507,,0.03608011183036549,https://ebba.english.ucsb.edu/ballad/32879/citation,https://ebba.english.ucsb.edu/ballad/35507/citation
20741,33989,,0.036021433141780565,https://ebba.english.ucsb.edu/ballad/20741/citation,https://ebba.english.ucsb.edu/ballad/33989/citation
35507,35655,,0.03600979951831911,https://ebba.english.ucsb.edu/ballad/35507/citation,https://ebba.english.ucsb.edu/ballad/35655/citation
31786,34606,,0.03561316342667133,https://ebba.english.ucsb.edu/ballad/31786/citation,https://ebba.english.ucsb.edu/ballad/34606/citation
31786,36165,,0.03551733226209507,https://ebba.english.ucsb.edu/ballad/31786/citation,https://ebba.english.ucsb.edu/ballad/36165/citation
31786,32879,,0.03545428868878891,https://ebba.english.ucsb.edu/ballad/31786/citation,https://ebba.english.ucsb.edu/ballad/32879/citation
31786,35655,,0.03538519597030208,https://ebba.english.ucsb.edu/ballad/31786/citation,https://ebba.english.ucsb.edu/ballad/35655/citation
20674,33989,,0.035074654158132,https://ebba.english.ucsb.edu/ballad/20674/citation,https://ebba.english.ucsb.edu/ballad/33989/citation
20655,22373,,0.03474549462161793,https://ebba.english.ucsb.edu/ballad/20655/citation,https://ebba.english.ucsb.edu/ballad/22373/citation
33989,36309,32,0.03449529489135367,https://ebba.english.ucsb.edu/ballad/33989/citation,https://ebba.english.ucsb.edu/ballad/36309/citation
30049,36219,,0.03435973732912396,https://ebba.english.ucsb.edu/ballad/30049/citation,https://ebba.english.ucsb.edu/ballad/36219/citation
30049,34595,,0.03420318994794202,https://ebba.english.ucsb.edu/ballad/30049/citation,https://ebba.english.ucsb.edu/ballad/34595/citation
33989,35658,,0.03404919136457114,https://ebba.english.ucsb.edu/ballad/33989/citation,https://ebba.english.ucsb.edu/ballad/35658/citation
30613,34606,,0.03402249892225819,https://ebba.english.ucsb.edu/ballad/30613/citation,https://ebba.english.ucsb.edu/ballad/34606/citation
30613,36165,,0.0339309480635363,https://ebba.english.ucsb.edu/ballad/30613/citation,https://ebba.english.ucsb.edu/ballad/36165/citation
30613,32879,,0.03387072033596358,https://ebba.english.ucsb.edu/ballad/30613/citation,https://ebba.english.ucsb.edu/ballad/32879/citation
30613,35655,,0.03380471364871455,https://ebba.english.ucsb.edu/ballad/30613/citation,https://ebba.english.ucsb.edu/ballad/35655/citation
30613,32878,,0.03380280459495095,https://ebba.english.ucsb.edu/ballad/30613/citation,https://ebba.english.ucsb.edu/ballad/32878/citation
33989,35128,,0.033649075945709477,https://ebba.english.ucsb.edu/ballad/33989/citation,https://ebba.english.ucsb.edu/ballad/35128/citation
32998,33989,,0.03363500677714755,https://ebba.english.ucsb.edu/ballad/32998/citation,https://ebba.english.ucsb.edu/ballad/33989/citation
36219,36309,32,0.033429899138890426,https://ebba.english.ucsb.edu/ballad/36219/citation,https://ebba.english.ucsb.edu/ballad/36309/citation
34595,36309,32,0.03327758822006003,https://ebba.english.ucsb.edu/ballad/34595/citation,https://ebba.english.ucsb.edu/ballad/36309/citation
34606,36309,,0.033163788127297644,https://ebba.english.ucsb.edu/ballad/34606/citation,https://ebba.english.ucsb.edu/ballad/36309/citation
36165,36309,,0.033074547966295297,https://ebba.english.ucsb.edu/ballad/36165/citation,https://ebba.english.ucsb.edu/ballad/36309/citation
20235,36219,,0.032996992030366636,https://ebba.english.ucsb.edu/ballad/20235/citation,https://ebba.english.ucsb.edu/ballad/36219/citation
35655,36309,,0.03295149964473936,https://ebba.english.ucsb.edu/ballad/35655/citation,https://ebba.english.ucsb.edu/ballad/36309/citation
32878,36309,,0.0329496387745345,https://ebba.english.ucsb.edu/ballad/32878/citation,https://ebba.english.ucsb.edu/ballad/36309/citation
20235,34595,,0.03284665349198506,https://ebba.english.ucsb.edu/ballad/20235/citation,https://ebba.english.ucsb.edu/ballad/34595/citation
20265,36219,,0.032760093622715675,https://ebba.english.ucsb.edu/ballad/20265/citation,https://ebba.english.ucsb.edu/ballad/36219/citation
20265,34595,,0.03261083442393931,https://ebba.english.ucsb.edu/ballad/20265/citation,https://ebba.english.ucsb.edu/ballad/34595/citation
31631,34605,,0.032544494479356145,https://ebba.english.ucsb.edu/ballad/31631/citation,https://ebba.english.ucsb.edu/ballad/34605/citation
31631,34604,,0.03214665898980942,https://ebba.english.ucsb.edu/ballad/31631/citation,https://ebba.english.ucsb.edu/ballad/34604/citation
30232,34605,,0.031828580882557266,https://ebba.english.ucsb.edu/ballad/30232/citation,https://ebba.english.ucsb.edu/ballad/34605/citation
20278,33989,,0.03181972145499926,https://ebba.english.ucsb.edu/ballad/20278/citation,https://ebba.english.ucsb.edu/ballad/33989/citation
20660,30232,,0.03181784747120313,https://ebba.english.ucsb.edu/ballad/20660/citation,https://ebba.english.ucsb.edu/ballad/30232/citation
32440,36219,,0.031739079115631036,https://ebba.english.ucsb.edu/ballad/32440/citation,https://ebba.english.ucsb.edu/ballad/36219/citation
32440,34595,,0.03159447179022908,https://ebba.english.ucsb.edu/ballad/32440/citation,https://ebba.english.ucsb.edu/ballad/34595/citation
30232,34604,,0.031417070191118356,https://ebba.english.ucsb.edu/ballad/30232/citation,https://ebba.english.ucsb.edu/ballad/34604/citation
20279,36219,,0.031070146288304103,https://ebba.english.ucsb.edu/ballad/20279/citation,https://ebba.english.ucsb.edu/ballad/36219/citation
20279,34595,,0.03092858670687357,https://ebba.english.ucsb.edu/ballad/20279/citation,https://ebba.english.ucsb.edu/ballad/34595/citation
30232,36219,32,0.030891442296907132,https://ebba.english.ucsb.edu/ballad/30232/citation,https://ebba.english.ucsb.edu/ballad/36219/citation
20278,36219,,0.03083696145281656,https://ebba.english.ucsb.edu/ballad/20278/citation,https://ebba.english.ucsb.edu/ballad/36219/citation
30232,34595,32,0.03075069691383883,https://ebba.english.ucsb.edu/ballad/30232/citation,https://ebba.english.ucsb.edu/ballad/34595/citation
20741,32785,,0.030720984731805543,https://ebba.english.ucsb.edu/ballad/20741/citation,https://ebba.english.ucsb.edu/ballad/32785/citation
20278,34595,,0.030696464291478976,https://ebba.english.ucsb.edu/ballad/20278/citation,https://ebba.english.ucsb.edu/ballad/34595/citation
30389,33989,32,0.030158982085421244,https://ebba.english.ucsb.edu/ballad/30389/citation,https://ebba.english.ucsb.edu/ballad/33989/citation
31713,36219,,0.029938151954101436,https://ebba.english.ucsb.edu/ballad/31713/citation,https://ebba.english.ucsb.edu/ballad/36219/citation
31713,34595,,0.02980174988440723,https://ebba.english.ucsb.edu/ballad/31713/citation,https://ebba.english.ucsb.edu/ballad/34595/citation
31689,36219,,0.029797670262432515,https://ebba.english.ucsb.edu/ballad/31689/citation,https://ebba.english.ucsb.edu/ballad/36219/citation
31689,34595,,0.029661908245388433,https://ebba.english.ucsb.edu/ballad/31689/citation,https://ebba.english.ucsb.edu/ballad/34595/citation
30389,36219,32,0.02922751443124918,https://ebba.english.ucsb.edu/ballad/30389/citation,https://ebba.english.ucsb.edu/ballad/36219/citation
30389,34595,32,0.02909435011748153,https://ebba.english.ucsb.edu/ballad/30389/citation,https://ebba.english.ucsb.edu/ballad/34595/citation
31631,36219,32,0.028468766920439946,https://ebba.english.ucsb.edu/ballad/31631/citation,https://ebba.english.ucsb.edu/ballad/36219/citation
31631,34595,32,0.028339059557889876,https://ebba.english.ucsb.edu/ballad/31631/citation,https://ebba.english.ucsb.edu/ballad/34595/citation
30084,33989,,0.027938911860275608,https://ebba.english.ucsb.edu/ballad/30084/citation,https://ebba.english.ucsb.edu/ballad/33989/citation
20251,33989,,0.027787281603188402,https://ebba.english.ucsb.edu/ballad/20251/citation,https://ebba.english.ucsb.edu/ballad/33989/citation
33989,35507,,0.026543068788755644,https://ebba.english.ucsb.edu/ballad/33989/citation,https://ebba.english.ucsb.edu/ballad/35507/citation
31631,34108,32,0.025919531447998845,https://ebba.english.ucsb.edu/ballad/31631/citation,https://ebba.english.ucsb.edu/ballad/34108/citation
20655,33989,,0.025853830661971167,https://ebba.english.ucsb.edu/ballad/20655/citation,https://ebba.english.ucsb.edu/ballad/33989/citation
35507,36219,,0.02572327951506058,https://ebba.english.ucsb.edu/ballad/35507/citation,https://ebba.english.ucsb.edu/ballad/36219/citation
20757,22373,,0.02566403030640757,https://ebba.english.ucsb.edu/ballad/20757/citation,https://ebba.english.ucsb.edu/ballad/22373/citation
34595,35507,,0.025606080946139025,https://ebba.english.ucsb.edu/ballad/34595/citation,https://ebba.english.ucsb.edu/ballad/35507/citation
30232,34108,32,0.025160581427335602,https://ebba.english.ucsb.edu/ballad/30232/citation,https://ebba.english.ucsb.edu/ballad/34108/citation
20655,36219,,0.025055328679050817,https://ebba.english.ucsb.edu/ballad/20655/citation,https://ebba.english.ucsb.edu/ballad/36219/citation
20655,34595,,0.02494117338002199,https://ebba.english.ucsb.edu/ballad/20655/citation,https://ebba.english.ucsb.edu/ballad/34595/citation
30660,33989,,0.024754925477429034,https://ebba.english.ucsb.edu/ballad/30660/citation,https://ebba.english.ucsb.edu/ballad/33989/citation
33989,34959,,0.02450405151855553,https://ebba.english.ucsb.edu/ballad/33989/citation,https://ebba.english.ucsb.edu/ballad/34959/citation
31654,33989,,0.024029441140177472,https://ebba.english.ucsb.edu/ballad/31654/citation,https://ebba.english.ucsb.edu/ballad/33989/citation
30660,36219,,0.023990363454136764,https://ebba.english.ucsb.edu/ballad/30660/citation,https://ebba.english.ucsb.edu/ballad/36219/citation
30660,34595,,0.023881060273603868,https://ebba.english.ucsb.edu/ballad/30660/citation,https://ebba.english.ucsb.edu/ballad/34595/citation
34959,36219,,0.023747237799808252,https://ebba.english.ucsb.edu/ballad/34959/citation,https://ebba.english.ucsb.edu/ballad/36219/citation
34595,34959,,0.02363904233101712,https://ebba.english.ucsb.edu/ballad/34595/citation,https://ebba.english.ucsb.edu/ballad/34959/citation
31654,36219,,0.02328728588087492,https://ebba.english.ucsb.edu/ballad/31654/citation,https://ebba.english.ucsb.edu/ballad/36219/citation
31654,34595,,0.023181186012166198,https://ebba.english.ucsb.edu/ballad/31654/citation,https://ebba.english.ucsb.edu/ballad/34595/citation
20235,33989,,0.02250276061198003,https://ebba.english.ucsb.edu/ballad/20235/citation,https://ebba.english.ucsb.edu/ballad/33989/citation
31786,33989,,0.022447153527898254,https://ebba.english.ucsb.edu/ballad/31786/citation,https://ebba.english.ucsb.edu/ballad/33989/citation
30084,36219,,0.022406835127599497,https://ebba.english.ucsb.edu/ballad/30084/citation,https://ebba.english.ucsb.edu/ballad/36219/citation
30084,34595,,0.0223047467057294,https://ebba.english.ucsb.edu/ballad/30084/citation,https://ebba.english.ucsb.edu/ballad/34595/citation
32868,33989,,0.022265846113643226,https://ebba.english.ucsb.edu/ballad/32868/citation,https://ebba.english.ucsb.edu/ballad/33989/citation
31786,36219,,0.021753867614592217,https://ebba.english.ucsb.edu/ballad/31786/citation,https://ebba.english.ucsb.edu/ballad/36219/citation
31786,34595,,0.02165475419666872,https://ebba.english.ucsb.edu/ballad/31786/citation,https://ebba.english.ucsb.edu/ballad/34595/citation
32868,36219,,0.021578159924869066,https://ebba.english.ucsb.edu/ballad/32868/citation,https://ebba.english.ucsb.edu/ballad/36219/citation
32868,34595,,0.02147984705377211,https://ebba.english.ucsb.edu/ballad/32868/citation,https://ebba.english.ucsb.edu/ballad/34595/citation
32785,33989,,0.019683935043173565,https://ebba.english.ucsb.edu/ballad/32785/citation,https://ebba.english.ucsb.edu/ballad/33989/citation
30326,36219,,0.019196074868138124,https://ebba.english.ucsb.edu/ballad/30326/citation,https://ebba.english.ucsb.edu/ballad/36219/citation
30326,34595,,0.01910861508284365,https://ebba.english.ucsb.edu/ballad/30326/citation,https://ebba.english.ucsb.edu/ballad/34595/citation
32785,36219,,0.019075991819240842,https://ebba.english.ucsb.edu/ballad/32785/citation,https://ebba.english.ucsb.edu/ballad/36219/citation
32785,34595,,0.018989079147757205,https://ebba.english.ucsb.edu/ballad/32785/citation,https://ebba.english.ucsb.edu/ballad/34595/citation
33989,34606,,0.018419214665822456,https://ebba.english.ucsb.edu/ballad/33989/citation,https://ebba.english.ucsb.edu/ballad/34606/citation
33989,36165,,0.01836965055462968,https://ebba.english.ucsb.edu/ballad/33989/citation,https://ebba.english.ucsb.edu/ballad/36165/citation
32879,33989,,0.018337044265317085,https://ebba.english.ucsb.edu/ballad/32879/citation,https://ebba.english.ucsb.edu/ballad/33989/citation
33989,35655,,0.018301309343417373,https://ebba.english.ucsb.edu/ballad/33989/citation,https://ebba.english.ucsb.edu/ballad/35655/citation
32878,33989,,0.01830027581348295,https://ebba.english.ucsb.edu/ballad/32878/citation,https://ebba.english.ucsb.edu/ballad/33989/citation
34606,36219,,0.017850332644941555,https://ebba.english.ucsb.edu/ballad/34606/citation,https://ebba.english.ucsb.edu/ballad/36219/citation
36165,36219,,0.017802299333636293,https://ebba.english.ucsb.edu/ballad/36165/citation,https://ebba.english.ucsb.edu/ballad/36219/citation
32879,36219,,0.017770700097669574,https://ebba.english.ucsb.edu/ballad/32879/citation,https://ebba.english.ucsb.edu/ballad/36219/citation
34595,34606,,0.017769004234248976,https://ebba.english.ucsb.edu/ballad/34595/citation,https://ebba.english.ucsb.edu/ballad/34606/citation
35655,36219,,0.01773606885771044,https://ebba.english.ucsb.edu/ballad/35655/citation,https://ebba.english.ucsb.edu/ballad/36219/citation
32878,36219,,0.0177350672486048,https://ebba.english.ucsb.edu/ballad/32878/citation,https://ebba.english.ucsb.edu/ballad/36219/citation
34595,36165,,0.01772118976888605,https://ebba.english.ucsb.edu/ballad/34595/citation,https://ebba.english.ucsb.edu/ballad/36165/citation
32879,34595,,0.017689734503101368,https://ebba.english.ucsb.edu/ballad/32879/citation,https://ebba.english.ucsb.edu/ballad/34595/citation
34595,35655,,0.01765526104752431,https://ebba.english.ucsb.edu/ballad/34595/citation,https://ebba.english.ucsb.edu/ballad/35655/citation
32878,34595,,0.01765426400187854,https://ebba.english.ucsb.edu/ballad/32878/citation,https://ebba.english.ucsb.edu/ballad/34595/citation
